year,yday,prcp (mm/day),tmax (deg c),tmin (deg c)
2016,1,0.0,-5.68,-17.58
2016,2,0.0,-3.32,-13.01
2016,3,0.0,0.14,-7.92
2016,4,0.0,2.45,-6.4
2016,5,3.39,4.31,-2.61
2016,6,12.35,3.75,-1.72
2016,7,10.39,3.13,-2.05
2016,8,0.0,1.81,-3.31
2016,9,0.0,1.25,-4.79
2016,10,0.0,-0.44,-6.39
2016,11,0.0,-1.31,-11.08
2016,12,0.0,-1.46,-12.0
2016,13,0.0,0.5,-9.76
2016,14,3.28,2.2,-7.32
2016,15,2.28,0.77,-4.6
2016,16,1.73,1.94,-4.11
2016,17,0.0,5.42,-3.27
2016,18,11.55,3.38,-1.45
2016,19,3.86,4.22,-5.16
2016,20,2.26,3.66,-3.64
2016,21,0.0,2.53,-8.29
2016,22,0.0,5.26,-5.81
2016,23,16.08,4.62,-4.69
2016,24,4.63,1.73,-3.9
2016,25,0.0,2.54,-6.75
2016,26,0.0,3.38,-9.97
2016,27,0.0,1.85,-9.46
2016,28,0.0,3.35,-7.68
2016,29,8.5,6.64,-5.4
2016,30,10.34,2.76,-6.94
2016,31,0.0,0.23,-8.93
2016,32,0.0,-1.48,-9.77
2016,33,0.0,-2.0,-14.03
2016,34,0.0,-0.08,-12.03
2016,35,1.58,-2.22,-11.08
2016,36,0.0,1.96,-7.23
2016,37,0.0,3.0,-7.11
2016,38,0.0,3.37,-6.19
2016,39,0.0,4.77,-6.02
2016,40,0.0,5.5,-5.85
2016,41,0.0,4.45,-5.27
2016,42,0.0,4.26,-4.37
2016,43,0.0,4.2,-3.11
2016,44,0.0,4.26,-3.95
2016,45,5.64,5.02,-3.42
2016,46,0.0,11.36,0.98
2016,47,0.0,13.21,0.29
2016,48,5.56,12.94,0.75
2016,49,10.67,10.81,0.05
2016,50,0.0,11.35,-0.68
2016,51,0.0,7.77,-2.67
2016,52,0.0,8.28,-3.33
2016,53,0.0,6.14,-2.3
2016,54,0.0,6.72,-4.25
2016,55,0.0,8.44,-3.75
2016,56,0.0,11.19,-2.73
2016,57,0.0,14.83,-0.86
2016,58,0.0,13.82,2.25
2016,59,0.0,12.13,-0.15
2016,60,0.0,11.17,0.99
2016,61,0.0,14.8,0.67
2016,62,0.0,13.97,2.76
2016,63,0.0,16.97,1.76
2016,64,0.0,17.84,3.88
2016,65,0.0,17.92,5.6
2016,66,17.08,14.92,1.8
2016,67,6.18,7.86,-0.48
2016,68,0.0,10.17,-1.11
2016,69,1.06,10.08,1.44
2016,70,0.0,18.5,3.6
2016,71,0.0,17.6,4.16
2016,72,0.0,15.23,5.31
2016,73,0.0,14.95,3.26
2016,74,4.68,10.13,1.32
2016,75,1.03,3.52,-0.8
2016,76,0.0,9.08,-0.85
2016,77,0.0,11.16,0.6
2016,78,0.0,9.68,-1.36
2016,79,0.0,13.39,-1.49
2016,80,0.0,20.26,1.61
2016,81,0.0,18.57,5.71
2016,82,7.82,10.27,1.87
2016,83,0.0,9.51,0.75
2016,84,0.0,10.02,0.62
2016,85,0.0,8.8,0.51
2016,86,0.0,9.86,-0.69
2016,87,0.0,15.01,0.59
2016,88,15.82,7.61,0.55
2016,89,5.49,7.6,1.1
2016,90,1.03,8.93,1.5
2016,91,3.75,10.8,1.22
2016,92,0.0,13.57,0.59
2016,93,0.0,16.16,1.93
2016,94,0.0,19.78,4.05
2016,95,0.0,19.31,5.45
2016,96,0.0,12.72,2.6
2016,97,0.0,16.76,1.95
2016,98,0.0,21.29,3.08
2016,99,0.0,23.41,8.65
2016,100,0.0,19.97,9.67
2016,101,0.0,18.61,8.48
2016,102,0.0,19.5,7.63
2016,103,0.0,21.5,7.18
2016,104,23.03,13.53,6.69
2016,105,21.79,12.14,2.85
2016,106,0.0,12.21,1.09
2016,107,0.0,13.39,0.75
2016,108,0.0,14.18,2.79
2016,109,0.0,15.43,4.59
2016,110,0.0,17.51,5.35
2016,111,0.0,22.15,5.52
2016,112,0.0,25.92,7.43
2016,113,0.0,24.92,10.06
2016,114,27.02,16.2,6.74
2016,115,3.9,14.99,5.39
2016,116,6.59,13.1,5.96
2016,117,1.78,14.82,5.0
2016,118,3.91,15.89,4.81
2016,119,2.01,10.49,5.63
2016,120,1.77,13.14,4.31
2016,121,0.0,15.42,3.88
2016,122,0.0,14.31,6.72
2016,123,0.0,18.82,5.6
2016,124,0.0,21.33,4.62
2016,125,0.0,26.13,6.6
2016,126,0.0,27.57,9.85
2016,127,6.09,21.2,10.76
2016,128,4.36,15.12,7.59
2016,129,13.41,11.82,8.07
2016,130,4.32,18.25,6.39
2016,131,0.0,14.93,2.27
2016,132,0.0,16.74,1.46
2016,133,0.0,22.29,2.99
2016,134,0.0,27.66,8.41
2016,135,0.0,29.07,10.14
2016,136,1.11,20.72,10.85
2016,137,0.5,18.06,7.54
2016,138,0.0,18.85,9.43
2016,139,0.0,23.1,8.33
2016,140,15.41,25.6,9.78
2016,141,5.64,21.48,8.12
2016,142,11.16,19.29,7.01
2016,143,4.36,17.46,5.97
2016,144,0.0,20.04,3.78
2016,145,0.94,19.44,7.81
2016,146,0.0,18.96,7.53
2016,147,0.0,20.81,6.23
2016,148,0.0,21.04,7.4
2016,149,0.0,21.99,8.52
2016,150,2.45,26.1,9.44
2016,151,0.0,23.58,10.23
2016,152,0.0,24.12,7.72
2016,153,0.0,26.08,9.98
2016,154,0.0,28.44,10.95
2016,155,0.0,27.53,10.07
2016,156,0.0,30.9,12.68
2016,157,0.0,32.39,13.98
2016,158,0.0,32.81,17.93
2016,159,0.0,30.38,16.62
2016,160,0.0,32.29,16.24
2016,161,0.0,32.42,17.45
2016,162,0.0,31.79,14.45
2016,163,9.3,24.69,11.91
2016,164,0.0,24.13,10.1
2016,165,1.0,22.91,11.0
2016,166,0.0,26.76,10.01
2016,167,0.0,29.56,11.63
2016,168,0.0,23.37,10.85
2016,169,0.0,28.99,8.91
2016,170,0.0,32.02,14.93
2016,171,0.0,29.09,11.62
2016,172,0.0,34.43,13.01
2016,173,0.0,32.94,16.23
2016,174,0.0,33.69,14.09
2016,175,0.0,33.64,16.62
2016,176,0.0,30.34,13.72
2016,177,0.0,26.01,10.0
2016,178,0.0,30.55,9.22
2016,179,0.0,36.04,14.53
2016,180,0.0,36.26,17.08
2016,181,0.0,34.34,17.98
2016,182,0.0,30.64,17.68
2016,183,0.0,31.17,17.09
2016,184,0.0,30.78,15.51
2016,185,0.0,32.38,14.81
2016,186,0.0,33.89,17.25
2016,187,0.0,31.45,16.41
2016,188,0.0,29.55,14.25
2016,189,0.0,30.42,12.57
2016,190,0.0,35.37,16.67
2016,191,0.0,33.88,17.75
2016,192,0.0,28.81,12.75
2016,193,0.0,23.25,8.34
2016,194,0.0,28.86,9.77
2016,195,0.0,30.01,10.94
2016,196,0.0,32.22,12.89
2016,197,0.0,34.9,15.87
2016,198,0.0,32.09,16.35
2016,199,0.0,31.53,14.11
2016,200,0.0,34.96,18.39
2016,201,0.0,35.48,20.78
2016,202,0.0,35.53,21.47
2016,203,0.0,36.0,18.39
2016,204,0.0,36.37,19.78
2016,205,0.0,32.68,15.58
2016,206,0.0,33.64,14.48
2016,207,0.0,36.12,17.14
2016,208,0.0,36.8,19.19
2016,209,0.0,35.73,17.25
2016,210,0.0,36.11,17.32
2016,211,0.0,36.42,18.79
2016,212,0.0,35.58,19.95
2016,213,0.0,34.23,18.75
2016,214,0.0,35.47,19.38
2016,215,0.0,36.41,19.03
2016,216,0.0,32.43,18.37
2016,217,0.0,31.47,12.09
2016,218,0.0,30.15,15.21
2016,219,0.0,32.67,16.11
2016,220,4.2,32.61,18.17
2016,221,0.0,33.13,16.23
2016,222,0.0,32.81,16.56
2016,223,2.71,28.97,13.59
2016,224,0.0,27.62,12.57
2016,225,0.0,29.69,12.75
2016,226,0.0,32.3,14.19
2016,227,0.0,34.41,15.27
2016,228,0.0,34.57,17.44
2016,229,0.0,33.02,14.79
2016,230,0.0,32.33,16.61
2016,231,0.0,30.1,16.74
2016,232,0.0,31.39,16.52
2016,233,0.0,30.57,15.47
2016,234,0.0,32.03,14.52
2016,235,0.0,30.75,14.22
2016,236,0.0,29.82,14.75
2016,237,0.0,25.58,10.76
2016,238,0.0,27.15,10.11
2016,239,0.0,27.14,12.12
2016,240,0.0,29.81,13.68
2016,241,0.0,31.59,13.66
2016,242,0.0,32.72,14.25
2016,243,0.0,33.89,13.8
2016,244,0.0,33.93,16.56
2016,245,4.63,31.6,16.08
2016,246,0.0,31.86,16.91
2016,247,0.0,27.87,13.71
2016,248,0.73,23.77,11.96
2016,249,0.0,22.86,8.06
2016,250,0.0,25.26,8.51
2016,251,0.0,26.54,10.79
2016,252,0.0,24.26,10.56
2016,253,0.0,23.86,9.28
2016,254,0.0,26.68,7.25
2016,255,0.0,29.64,9.38
2016,256,0.0,27.16,11.1
2016,257,6.69,26.0,9.93
2016,258,8.54,19.89,9.76
2016,259,0.0,18.19,9.06
2016,260,0.0,21.69,8.25
2016,261,0.0,24.43,9.09
2016,262,0.0,28.07,11.34
2016,263,0.0,31.26,13.67
2016,264,0.0,30.94,14.54
2016,265,2.44,27.8,13.19
2016,266,29.17,24.68,9.67
2016,267,40.91,11.21,6.7
2016,268,0.0,16.24,6.13
2016,269,0.0,18.65,5.03
2016,270,0.0,21.72,6.14
2016,271,0.0,24.37,8.12
2016,272,0.61,27.54,10.7
2016,273,0.61,24.42,12.32
2016,274,0.0,25.22,12.71
2016,275,2.42,24.65,12.39
2016,276,0.0,24.79,12.98
2016,277,3.01,17.88,6.05
2016,278,0.0,15.57,4.35
2016,279,0.0,15.02,3.45
2016,280,0.0,14.49,2.12
2016,281,0.0,18.42,2.74
2016,282,0.0,20.45,4.48
2016,283,0.0,23.5,6.55
2016,284,0.0,24.66,9.41
2016,285,0.0,20.08,7.89
2016,286,0.0,19.62,4.06
2016,287,0.0,21.9,5.88
2016,288,0.0,21.81,10.04
2016,289,0.0,23.68,12.11
2016,290,9.39,19.21,8.46
2016,291,7.13,14.17,5.19
2016,292,1.16,14.28,2.72
2016,293,0.0,13.02,2.17
2016,294,0.0,15.8,0.54
2016,295,0.0,17.87,2.3
2016,296,0.0,21.85,5.95
2016,297,0.0,21.8,8.7
2016,298,2.95,18.18,11.22
2016,299,0.0,20.23,10.2
2016,300,0.0,21.6,7.71
2016,301,0.0,23.7,9.12
2016,302,7.31,20.24,9.86
2016,303,0.0,20.25,10.74
2016,304,5.65,21.15,10.92
2016,305,4.91,16.63,6.54
2016,306,3.35,12.27,3.5
2016,307,0.0,11.9,1.51
2016,308,0.0,13.15,1.41
2016,309,0.0,16.19,2.22
2016,310,0.0,17.38,2.83
2016,311,0.0,19.11,4.02
2016,312,0.0,18.16,3.66
2016,313,0.0,17.2,3.45
2016,314,0.0,18.15,4.04
2016,315,0.0,16.84,4.0
2016,316,0.0,15.96,3.91
2016,317,0.0,18.35,4.99
2016,318,0.0,17.13,4.43
2016,319,0.0,18.65,4.45
2016,320,0.0,19.99,5.15
2016,321,3.0,12.05,0.93
2016,322,3.19,3.73,-2.58
2016,323,0.0,5.84,-5.74
2016,324,0.0,15.15,-1.26
2016,325,9.05,18.32,4.75
2016,326,16.9,9.85,3.73
2016,327,0.0,8.0,-0.88
2016,328,7.49,9.82,-2.1
2016,329,0.0,6.07,-3.22
2016,330,0.0,10.0,-2.55
2016,331,1.97,12.32,-0.34
2016,332,5.79,6.23,0.19
2016,333,14.0,1.31,-2.64
2016,334,0.0,2.84,-6.45
2016,335,0.0,1.98,-5.95
2016,336,1.3,1.89,-5.17
2016,337,0.0,2.09,-7.43
2016,338,0.0,0.92,-6.04
2016,339,0.0,6.11,-5.89
2016,340,0.0,4.81,-7.6
2016,341,0.0,-1.87,-10.63
2016,342,0.0,-1.84,-10.77
2016,343,4.67,-0.48,-11.15
2016,344,3.14,6.26,-3.38
2016,345,39.09,7.27,-0.04
2016,346,0.0,5.53,-1.14
2016,347,0.0,4.65,-4.85
2016,348,0.0,3.0,-5.15
2016,349,8.75,3.15,-2.76
2016,350,10.23,10.17,0.36
2016,351,23.18,8.38,-2.87
2016,352,0.0,-3.93,-10.14
2016,353,0.0,-4.61,-13.0
2016,354,0.0,-1.72,-13.5
2016,355,0.0,4.24,-6.71
2016,356,0.0,2.45,-5.18
2016,357,0.0,1.2,-6.84
2016,358,3.85,3.43,-6.65
2016,359,11.85,5.47,-3.74
2016,360,8.14,-1.05,-7.86
2016,361,0.0,-2.51,-12.03
2016,362,0.0,-2.13,-13.43
2016,363,0.0,1.39,-9.24
2016,364,0.0,0.95,-10.46
2016,365,0.0,-0.66,-9.17
2017,1,7.78,-3.23,-10.98
2017,2,3.86,-0.61,-11.31
2017,3,2.6,-1.62,-10.24
2017,4,9.48,3.21,-7.69
2017,5,0.0,-3.92,-15.06
2017,6,0.0,-10.05,-20.86
2017,7,3.43,-4.52,-18.21
2017,8,7.29,5.5,-9.0
2017,9,6.65,7.82,-1.52
2017,10,15.42,6.13,0.55
2017,11,14.84,5.11,-0.5
2017,12,0.0,1.99,-2.92
2017,13,0.0,2.12,-4.57
2017,14,0.0,1.16,-6.84
2017,15,0.0,-0.87,-9.4
2017,16,0.0,-2.35,-11.26
2017,17,0.0,-1.27,-11.85
2017,18,0.0,0.16,-10.04
2017,19,9.9,0.94,-7.09
2017,20,6.69,5.38,-2.46
2017,21,9.37,1.51,-2.73
2017,22,12.11,4.49,-4.83
2017,23,14.43,3.58,-2.16
2017,24,3.49,-0.8,-4.32
2017,25,2.53,-1.45,-6.69
2017,26,1.76,-0.36,-8.76
2017,27,0.0,-3.19,-14.5
2017,28,0.0,-2.43,-14.36
2017,29,0.0,-0.12,-11.49
2017,30,0.0,-0.28,-9.78
2017,31,0.0,-0.24,-8.0
2017,32,0.0,4.88,-5.66
2017,33,2.18,3.3,-4.27
2017,34,0.0,7.69,-2.73
2017,35,0.0,10.96,0.73
2017,36,0.0,11.1,1.61
2017,37,5.39,9.31,3.12
2017,38,6.77,9.83,2.27
2017,39,4.89,12.18,2.14
2017,40,2.78,13.99,4.14
2017,41,16.59,12.01,3.03
2017,42,0.0,6.96,-0.66
2017,43,0.0,5.52,-4.77
2017,44,0.0,4.42,-6.94
2017,45,0.0,6.2,-5.38
2017,46,0.0,8.38,-3.89
2017,47,0.0,12.1,-2.04
2017,48,2.14,10.46,-1.93
2017,49,8.51,11.12,3.25
2017,50,7.57,10.3,3.02
2017,51,0.0,11.36,1.91
2017,52,9.07,16.19,1.76
2017,53,5.01,4.81,-1.19
2017,54,6.82,-0.64,-4.24
2017,55,1.15,-0.05,-5.92
2017,56,0.0,-0.05,-9.08
2017,57,5.16,2.99,-10.31
2017,58,6.97,2.44,-6.91
2017,59,0.0,1.53,-8.58
2017,60,0.0,4.74,-5.57
2017,61,0.0,7.03,-7.22
2017,62,0.0,10.78,-4.19
2017,63,0.0,14.78,1.76
2017,64,12.36,13.12,-0.23
2017,65,2.08,2.98,-4.29
2017,66,0.0,8.7,-3.05
2017,67,0.0,13.78,2.11
2017,68,0.0,15.92,2.58
2017,69,0.0,15.51,4.45
2017,70,0.0,15.16,2.45
2017,71,0.0,14.57,4.35
2017,72,0.0,17.55,2.61
2017,73,0.0,20.98,3.27
2017,74,0.0,22.54,4.84
2017,75,0.0,20.23,6.53
2017,76,0.0,21.46,4.66
2017,77,0.0,24.08,6.88
2017,78,0.0,20.15,7.13
2017,79,0.0,20.27,6.85
2017,80,2.24,22.14,9.99
2017,81,15.27,15.71,7.8
2017,82,24.22,8.17,1.79
2017,83,0.0,13.85,0.21
2017,84,6.07,9.85,1.75
2017,85,0.0,10.79,0.8
2017,86,8.72,8.75,1.46
2017,87,0.0,11.98,1.63
2017,88,0.0,12.66,0.36
2017,89,5.24,10.5,2.99
2017,90,1.07,12.48,4.14
2017,91,0.0,15.46,5.16
2017,92,3.86,10.49,3.46
2017,93,0.0,9.62,-1.09
2017,94,0.0,9.36,-2.13
2017,95,0.0,14.64,-1.6
2017,96,0.0,22.89,2.22
2017,97,14.98,19.87,9.13
2017,98,25.18,15.25,0.8
2017,99,6.13,8.55,-0.57
2017,100,0.0,14.07,-0.99
2017,101,0.0,15.61,1.13
2017,102,0.0,21.65,4.79
2017,103,0.0,24.75,5.46
2017,104,0.0,14.64,4.03
2017,105,0.0,13.19,0.18
2017,106,0.0,19.93,1.93
2017,107,0.0,19.47,8.07
2017,108,18.98,15.48,6.53
2017,109,2.21,14.74,4.8
2017,110,5.39,10.95,3.48
2017,111,0.0,11.57,2.0
2017,112,0.0,16.33,1.43
2017,113,0.0,18.05,4.53
2017,114,12.55,11.35,4.35
2017,115,4.29,10.39,2.55
2017,116,9.44,11.97,3.44
2017,117,3.49,9.45,2.22
2017,118,2.26,6.48,-0.47
2017,119,0.0,12.21,0.46
2017,120,0.0,15.06,1.14
2017,121,0.0,15.63,5.53
2017,122,0.0,16.79,6.46
2017,123,0.0,18.78,4.04
2017,124,0.0,23.56,5.66
2017,125,0.0,29.05,8.49
2017,126,0.0,28.36,13.36
2017,127,0.0,24.98,11.15
2017,128,0.0,20.83,10.66
2017,129,0.0,22.96,9.08
2017,130,0.0,23.71,9.26
2017,131,0.0,26.49,8.9
2017,132,0.0,28.46,7.97
2017,133,0.0,16.89,3.84
2017,134,0.0,19.14,2.0
2017,135,0.0,19.34,3.88
2017,136,12.22,17.01,7.8
2017,137,7.27,9.72,0.39
2017,138,0.0,9.21,-1.45
2017,139,0.0,14.03,3.32
2017,140,0.0,19.13,4.11
2017,141,7.45,18.43,6.64
2017,142,0.0,22.09,6.77
2017,143,0.0,25.27,9.22
2017,144,1.3,28.18,10.07
2017,145,0.0,20.41,8.91
2017,146,0.0,18.66,7.16
2017,147,0.0,20.39,4.89
2017,148,0.0,23.83,6.82
2017,149,0.0,26.82,10.05
2017,150,0.0,29.07,11.45
2017,151,0.0,31.02,12.61
2017,152,0.0,27.62,13.9
2017,153,0.0,25.23,10.77
2017,154,0.0,30.7,11.05
2017,155,0.0,33.31,13.29
2017,156,0.0,30.1,14.23
2017,157,0.0,32.14,13.92
2017,158,0.0,33.61,17.18
2017,159,0.0,32.56,15.73
2017,160,0.0,29.32,11.45
2017,161,0.0,26.59,9.39
2017,162,0.0,29.82,11.38
2017,163,12.64,22.47,10.22
2017,164,17.09,18.21,7.23
2017,165,0.0,24.08,8.67
2017,166,0.0,28.64,10.83
2017,167,0.0,30.58,12.52
2017,168,0.0,25.33,13.99
2017,169,0.0,28.39,11.27
2017,170,0.0,31.51,14.22
2017,171,0.0,35.49,17.26
2017,172,0.0,35.02,16.53
2017,173,0.0,29.59,13.85
2017,174,0.0,28.97,10.42
2017,175,0.0,30.46,12.13
2017,176,0.0,32.84,13.4
2017,177,0.0,34.91,16.33
2017,178,0.0,32.42,17.14
2017,179,0.0,30.99,13.77
2017,180,0.0,28.97,13.29
2017,181,0.0,28.79,12.17
2017,182,0.0,32.83,12.59
2017,183,0.0,35.07,15.29
2017,184,0.0,34.44,17.56
2017,185,0.0,36.58,17.41
2017,186,0.0,38.19,18.31
2017,187,0.0,37.02,18.1
2017,188,0.0,36.81,19.22
2017,189,0.0,37.08,20.16
2017,190,0.0,35.91,19.85
2017,191,0.0,34.28,21.03
2017,192,0.0,33.28,18.13
2017,193,0.0,33.7,16.42
2017,194,0.0,34.9,16.37
2017,195,0.0,35.64,17.79
2017,196,0.0,36.24,17.63
2017,197,0.0,35.63,20.0
2017,198,0.0,34.83,20.26
2017,199,0.0,35.28,17.41
2017,200,0.0,33.32,19.98
2017,201,0.0,33.45,18.84
2017,202,0.0,34.26,20.18
2017,203,0.0,35.1,17.22
2017,204,0.0,35.87,16.85
2017,205,1.38,34.04,17.87
2017,206,6.29,30.61,16.75
2017,207,4.44,29.34,16.21
2017,208,0.0,30.34,15.3
2017,209,0.0,30.36,16.07
2017,210,0.0,32.99,15.53
2017,211,0.0,34.39,17.4
2017,212,0.0,34.94,17.47
2017,213,0.0,35.15,18.59
2017,214,0.0,34.71,16.83
2017,215,0.0,34.02,17.69
2017,216,0.0,34.4,18.0
2017,217,0.0,32.92,18.08
2017,218,0.0,31.54,15.65
2017,219,0.0,29.47,16.22
2017,220,0.62,28.83,16.11
2017,221,1.05,30.27,16.05
2017,222,0.0,29.9,15.91
2017,223,0.0,32.67,16.26
2017,224,0.46,33.42,17.17
2017,225,0.0,32.68,18.43
2017,226,0.0,28.28,15.12
2017,227,0.0,27.26,12.82
2017,228,0.0,30.14,12.37
2017,229,0.0,30.91,14.53
2017,230,0.0,31.71,14.67
2017,231,0.0,33.49,14.47
2017,232,0.0,32.92,15.88
2017,233,0.0,32.43,15.86
2017,234,0.0,31.96,15.38
2017,235,0.0,30.89,16.27
2017,236,0.0,30.6,15.47
2017,237,0.0,33.24,16.16
2017,238,0.0,34.38,16.83
2017,239,0.0,35.0,15.68
2017,240,0.0,35.29,15.87
2017,241,0.0,35.02,16.5
2017,242,0.0,32.14,18.2
2017,243,0.0,30.27,18.11
2017,244,0.0,31.32,15.24
2017,245,0.0,32.8,14.43
2017,246,0.0,34.23,15.8
2017,247,0.0,35.01,15.79
2017,248,0.0,31.95,16.71
2017,249,0.0,31.96,15.76
2017,250,0.0,31.01,14.62
2017,251,0.0,31.11,15.46
2017,252,0.0,27.07,14.69
2017,253,0.0,28.72,14.94
2017,254,0.0,30.89,14.73
2017,255,0.0,30.14,14.75
2017,256,0.0,28.79,14.97
2017,257,10.13,23.88,13.4
2017,258,11.15,18.96,10.46
2017,259,0.0,19.11,5.75
2017,260,0.0,22.99,6.11
2017,261,5.28,26.95,9.81
2017,262,3.23,17.55,6.38
2017,263,0.0,22.29,4.42
2017,264,8.04,14.12,3.59
2017,265,4.03,10.3,3.44
2017,266,12.32,12.84,1.81
2017,267,7.81,10.23,4.08
2017,268,0.0,15.43,3.07
2017,269,0.0,18.71,3.09
2017,270,0.0,21.41,5.77
2017,271,0.0,21.07,8.29
2017,272,0.0,21.14,8.24
2017,273,4.93,17.91,7.74
2017,274,0.0,14.33,4.6
2017,275,0.0,11.51,1.06
2017,276,0.0,16.44,0.3
2017,277,0.0,16.65,4.9
2017,278,0.0,16.62,3.36
2017,279,0.0,15.12,2.77
2017,280,0.0,21.74,3.28
2017,281,0.0,13.67,3.21
2017,282,0.0,12.94,0.25
2017,283,0.0,17.77,0.47
2017,284,0.0,21.85,3.12
2017,285,0.0,13.76,2.38
2017,286,0.0,16.08,-1.22
2017,287,0.0,10.62,-0.82
2017,288,0.0,13.14,-2.95
2017,289,0.0,17.68,0.26
2017,290,0.0,21.43,2.72
2017,291,0.0,21.56,3.87
2017,292,0.0,23.33,5.05
2017,293,1.28,19.72,1.3
2017,294,0.0,12.79,0.14
2017,295,0.0,18.09,3.33
2017,296,0.0,17.19,5.35
2017,297,0.0,17.05,2.34
2017,298,0.0,18.84,2.88
2017,299,0.0,18.42,3.16
2017,300,0.0,16.46,0.99
2017,301,0.0,17.67,2.18
2017,302,0.0,19.92,3.26
2017,303,0.0,13.34,3.06
2017,304,0.0,11.2,-0.55
2017,305,0.0,17.27,2.09
2017,306,0.0,18.26,6.25
2017,307,2.08,15.12,7.4
2017,308,3.46,11.14,5.44
2017,309,1.32,9.0,2.87
2017,310,0.0,8.98,0.44
2017,311,0.0,6.74,-1.57
2017,312,0.0,8.1,-5.08
2017,313,0.0,14.79,-0.57
2017,314,0.0,12.01,1.48
2017,315,0.0,11.61,-0.14
2017,316,0.0,13.11,-0.87
2017,317,0.0,16.04,1.14
2017,318,0.0,13.25,1.36
2017,319,0.0,15.08,0.8
2017,320,24.63,15.64,5.43
2017,321,20.77,7.94,-0.78
2017,322,0.0,4.13,-4.28
2017,323,0.0,5.67,-4.23
2017,324,0.0,8.86,-2.26
2017,325,0.0,15.17,2.93
2017,326,0.0,17.11,4.74
2017,327,0.0,16.73,5.41
2017,328,0.0,15.22,4.91
2017,329,0.0,13.7,1.48
2017,330,0.0,16.92,4.04
2017,331,2.89,15.56,1.6
2017,332,0.0,8.37,-3.04
2017,333,0.0,8.35,-2.7
2017,334,0.0,8.06,-3.81
2017,335,0.0,9.04,-1.35
2017,336,0.0,10.51,-2.09
2017,337,5.05,14.91,-1.65
2017,338,0.0,1.44,-6.33
2017,339,0.0,1.01,-9.98
2017,340,0.0,0.12,-10.85
2017,341,0.0,0.86,-9.95
2017,342,0.0,2.76,-8.44
2017,343,0.0,3.28,-6.66
2017,344,0.0,3.35,-7.16
2017,345,0.0,2.17,-6.3
2017,346,0.0,0.99,-6.22
2017,347,0.0,0.23,-7.53
2017,348,0.0,3.14,-7.72
2017,349,0.0,4.39,-6.98
2017,350,1.97,1.51,-4.15
2017,351,0.0,1.84,-7.25
2017,352,0.0,3.57,-6.15
2017,353,0.0,7.77,-5.29
2017,354,1.86,9.26,-5.18
2017,355,0.0,2.14,-7.39
2017,356,5.61,1.62,-9.72
2017,357,6.32,2.64,-7.03
2017,358,9.24,-1.53,-12.45
2017,359,0.0,2.88,-5.6
2017,360,0.0,3.57,-5.66
2017,361,0.0,5.49,-5.06
2017,362,0.0,6.58,-4.61
2017,363,0.0,9.56,-2.04
2017,364,0.0,9.39,-2.69
2017,365,0.0,4.08,-6.42
2018,1,0.0,4.59,-6.58
2018,2,0.0,3.1,-7.63
2018,3,0.0,2.84,-7.24
2018,4,0.0,4.78,-6.48
2018,5,0.0,5.76,-4.61
2018,6,7.59,3.49,-3.1
2018,7,0.0,5.14,-2.04
2018,8,5.36,4.94,-3.29
2018,9,7.19,8.26,0.54
2018,10,2.79,6.75,0.59
2018,11,0.0,6.92,-2.2
2018,12,0.0,8.98,0.4
2018,13,0.0,8.73,-0.78
2018,14,0.0,7.14,-3.56
2018,15,0.0,6.82,-3.86
2018,16,0.0,7.74,-3.01
2018,17,0.0,9.3,-2.39
2018,18,0.0,10.81,-0.63
2018,19,6.41,10.47,-1.69
2018,20,2.87,1.89,-3.3
2018,21,0.0,1.87,-6.73
2018,22,0.0,0.28,-9.0
2018,23,0.0,4.21,-6.82
2018,24,0.0,6.45,-5.48
2018,25,1.95,7.42,-3.89
2018,26,0.0,3.87,-5.08
2018,27,0.0,4.31,-4.94
2018,28,0.0,9.52,-0.32
2018,29,0.0,10.66,-1.46
2018,30,0.0,12.12,0.86
2018,31,0.0,9.13,1.86
2018,32,0.0,9.87,1.29
2018,33,0.0,11.58,3.26
2018,34,0.0,12.48,4.01
2018,35,0.0,11.22,3.89
2018,36,0.0,10.87,4.41
2018,37,0.0,8.66,-0.88
2018,38,0.0,10.69,-1.89
2018,39,0.0,12.66,0.03
2018,40,0.0,14.23,3.02
2018,41,0.0,8.6,-1.98
2018,42,0.0,6.3,-6.71
2018,43,0.0,8.04,-2.64
2018,44,0.0,6.73,-4.73
2018,45,0.0,8.72,-2.53
2018,46,0.0,3.87,-3.3
2018,47,0.0,4.78,-7.24
2018,48,0.0,12.39,-2.23
2018,49,5.1,10.61,-1.29
2018,50,5.85,-1.66,-6.27
2018,51,1.42,-2.76,-10.73
2018,52,0.0,-0.69,-13.77
2018,53,3.26,-0.81,-11.25
2018,54,5.96,-2.23,-10.09
2018,55,1.25,-1.49,-11.09
2018,56,0.0,0.93,-7.76
2018,57,0.0,4.66,-4.36
2018,58,0.0,3.34,-3.62
2018,59,0.0,3.57,-5.1
2018,60,1.27,6.67,-3.52
2018,61,0.0,9.37,-1.04
2018,62,9.34,7.03,-1.89
2018,63,5.92,2.8,-3.31
2018,64,0.0,2.69,-5.33
2018,65,0.0,6.41,-6.95
2018,66,0.0,8.57,-6.63
2018,67,0.0,12.6,-3.59
2018,68,0.0,13.75,0.27
2018,69,0.0,13.3,2.11
2018,70,0.0,15.95,0.61
2018,71,0.0,16.71,1.68
2018,72,0.0,18.1,0.91
2018,73,16.34,16.18,1.32
2018,74,7.16,7.68,0.31
2018,75,0.0,10.97,-1.77
2018,76,4.72,7.21,-0.76
2018,77,1.73,6.22,-2.39
2018,78,0.0,7.49,-3.16
2018,79,0.0,12.43,-1.49
2018,80,0.0,15.09,1.53
2018,81,17.5,15.37,6.14
2018,82,10.45,12.51,2.77
2018,83,0.0,11.66,1.5
2018,84,11.17,4.65,-1.03
2018,85,1.91,6.22,-3.76
2018,86,0.0,9.7,-3.94
2018,87,0.0,12.26,0.93
2018,88,0.0,12.18,0.53
2018,89,0.0,17.1,1.82
2018,90,0.0,18.33,5.25
2018,91,0.0,17.05,3.2
2018,92,1.83,13.54,-0.06
2018,93,0.0,10.14,-5.1
2018,94,0.0,14.2,0.57
2018,95,2.87,16.83,3.85
2018,96,9.09,12.62,5.76
2018,97,7.23,13.02,7.5
2018,98,1.07,12.49,4.54
2018,99,0.0,13.74,2.42
2018,100,0.0,19.56,2.67
2018,101,0.0,19.35,6.44
2018,102,12.4,13.14,1.74
2018,103,0.0,8.65,-0.38
2018,104,0.0,13.29,0.32
2018,105,0.0,19.68,3.8
2018,106,1.29,22.42,4.02
2018,107,0.0,9.4,0.26
2018,108,0.0,13.75,-1.2
2018,109,0.0,19.64,4.53
2018,110,0.0,17.75,5.63
2018,111,0.0,19.06,3.24
2018,112,1.76,22.98,4.83
2018,113,0.0,19.87,6.84
2018,114,0.0,19.05,3.78
2018,115,0.0,21.61,4.77
2018,116,0.0,24.01,6.55
2018,117,0.0,27.94,7.58
2018,118,0.0,28.01,10.5
2018,119,6.32,19.3,6.03
2018,120,11.3,14.03,2.72
2018,121,0.0,15.52,2.16
2018,122,1.91,14.08,3.38
2018,123,0.0,18.46,3.56
2018,124,0.0,23.0,5.12
2018,125,0.0,24.74,8.54
2018,126,0.0,27.62,11.23
2018,127,0.0,26.21,11.12
2018,128,0.0,26.22,9.11
2018,129,0.0,28.2,11.28
2018,130,1.93,23.67,12.75
2018,131,9.13,15.26,8.35
2018,132,7.05,11.17,5.61
2018,133,0.0,19.22,3.81
2018,134,1.38,20.54,5.58
2018,135,0.0,22.63,6.41
2018,136,0.0,25.47,8.64
2018,137,0.0,25.22,9.29
2018,138,0.0,21.9,9.51
2018,139,0.0,23.02,9.66
2018,140,0.0,25.68,11.38
2018,141,0.0,25.02,9.67
2018,142,2.79,20.91,10.46
2018,143,0.0,23.37,8.86
2018,144,0.0,27.52,10.65
2018,145,0.0,29.73,11.32
2018,146,0.0,27.36,11.98
2018,147,1.53,20.01,10.24
2018,148,1.1,19.65,8.69
2018,149,0.0,24.26,10.56
2018,150,2.59,28.28,10.78
2018,151,1.57,28.03,11.35
2018,152,0.0,20.98,9.27
2018,153,0.0,24.8,7.65
2018,154,0.0,28.5,9.96
2018,155,0.0,33.16,12.35
2018,156,0.0,31.88,13.49
2018,157,0.0,31.64,12.75
2018,158,0.0,31.65,14.52
2018,159,0.0,30.71,12.56
2018,160,0.0,31.82,13.59
2018,161,0.0,22.99,9.87
2018,162,0.0,25.87,7.02
2018,163,0.0,27.21,7.14
2018,164,0.0,33.11,10.59
2018,165,0.0,32.05,13.72
2018,166,0.0,29.09,13.06
2018,167,0.0,27.0,12.81
2018,168,1.73,30.65,15.31
2018,169,0.0,25.33,12.49
2018,170,0.0,24.44,11.63
2018,171,0.0,27.72,10.81
2018,172,0.0,31.67,12.37
2018,173,0.0,28.34,13.08
2018,174,0.0,28.8,13.07
2018,175,0.0,26.72,11.95
2018,176,0.0,32.05,12.37
2018,177,0.0,33.7,14.75
2018,178,0.0,35.19,13.84
2018,179,0.0,34.68,16.87
2018,180,0.0,26.72,13.35
2018,181,0.0,25.61,11.95
2018,182,0.0,29.02,12.0
2018,183,0.0,32.31,13.15
2018,184,0.0,29.41,14.95
2018,185,0.0,34.15,12.11
2018,186,0.0,35.93,16.32
2018,187,0.0,37.41,19.01
2018,188,0.0,36.18,20.03
2018,189,0.0,36.47,18.83
2018,190,0.0,36.71,19.71
2018,191,0.0,35.94,21.26
2018,192,0.0,33.81,19.98
2018,193,0.0,34.24,19.22
2018,194,0.0,35.16,18.92
2018,195,0.0,32.7,18.91
2018,196,0.0,35.18,17.12
2018,197,0.47,35.23,19.39
2018,198,0.0,34.12,18.45
2018,199,0.0,35.21,17.47
2018,200,0.0,35.61,17.53
2018,201,0.0,33.98,18.63
2018,202,0.0,33.7,19.8
2018,203,0.0,29.43,20.44
2018,204,0.0,34.31,17.01
2018,205,0.0,36.13,17.74
2018,206,0.0,35.09,20.53
2018,207,0.0,35.31,18.41
2018,208,0.0,35.74,19.17
2018,209,0.0,35.61,17.96
2018,210,0.0,33.55,16.74
2018,211,0.0,34.62,16.6
2018,212,0.0,35.67,16.72
2018,213,0.0,34.92,19.79
2018,214,1.28,32.03,20.5
2018,215,0.0,32.71,17.87
2018,216,0.0,31.47,14.87
2018,217,0.0,30.96,15.68
2018,218,0.0,31.79,13.74
2018,219,0.0,32.7,14.17
2018,220,0.0,34.3,14.56
2018,221,0.0,35.77,15.78
2018,222,0.0,36.22,18.4
2018,223,0.0,35.72,17.57
2018,224,0.0,34.54,18.77
2018,225,0.0,34.11,19.68
2018,226,0.0,34.11,18.32
2018,227,0.0,33.14,16.64
2018,228,0.0,32.54,18.5
2018,229,0.0,33.32,17.3
2018,230,0.0,29.32,15.07
2018,231,0.0,30.19,13.07
2018,232,0.0,32.44,14.91
2018,233,0.0,30.25,16.57
2018,234,6.05,28.58,16.1
2018,235,0.0,28.83,13.3
2018,236,0.0,31.27,13.17
2018,237,0.0,30.36,13.11
2018,238,0.0,28.2,13.66
2018,239,0.0,24.32,13.11
2018,240,0.0,24.41,8.82
2018,241,0.0,29.57,9.59
2018,242,0.0,32.08,14.06
2018,243,0.0,29.54,14.64
2018,244,0.0,28.62,11.31
2018,245,0.0,29.79,11.1
2018,246,0.0,30.52,11.89
2018,247,0.0,30.7,12.39
2018,248,0.0,31.12,12.68
2018,249,0.0,31.15,13.99
2018,250,0.0,31.41,14.6
2018,251,0.0,31.55,14.81
2018,252,0.0,30.22,12.38
2018,253,0.0,30.93,12.81
2018,254,0.0,30.77,12.2
2018,255,0.0,28.21,12.28
2018,256,0.0,26.07,10.67
2018,257,0.0,29.63,10.14
2018,258,0.0,32.43,12.87
2018,259,0.0,29.86,12.13
2018,260,0.0,29.33,10.84
2018,261,0.0,28.88,12.13
2018,262,0.0,27.75,8.75
2018,263,0.0,22.54,7.52
2018,264,0.0,27.24,6.86
2018,265,0.0,29.64,10.39
2018,266,0.0,26.61,10.87
2018,267,0.0,21.62,7.28
2018,268,0.0,20.91,4.16
2018,269,0.0,21.39,4.97
2018,270,0.0,24.76,6.42
2018,271,0.0,29.24,8.9
2018,272,0.0,29.21,11.86
2018,273,0.0,25.75,14.18
2018,274,0.0,26.12,8.03
2018,275,13.29,24.96,9.6
2018,276,4.39,24.23,12.36
2018,277,22.65,17.16,9.8
2018,278,0.0,13.83,6.02
2018,279,0.0,14.61,4.88
2018,280,0.0,14.17,6.71
2018,281,0.0,14.51,6.33
2018,282,21.93,12.87,2.72
2018,283,9.49,8.09,1.6
2018,284,0.0,12.37,1.96
2018,285,0.0,13.69,1.8
2018,286,0.0,15.03,1.39
2018,287,0.0,9.26,-0.95
2018,288,0.0,10.27,-3.5
2018,289,0.0,14.69,-1.31
2018,290,0.0,18.24,3.22
2018,291,0.0,15.98,4.74
2018,292,0.0,17.78,3.07
2018,293,0.0,20.33,4.1
2018,294,0.0,21.24,5.85
2018,295,4.67,19.21,6.72
2018,296,0.64,17.83,7.66
2018,297,0.47,18.91,4.24
2018,298,0.0,15.27,5.42
2018,299,0.0,17.88,4.58
2018,300,0.0,20.54,5.01
2018,301,0.0,21.54,6.5
2018,302,0.0,16.41,5.93
2018,303,0.0,11.24,-0.43
2018,304,0.0,7.96,-2.38
2018,305,1.66,9.49,2.27
2018,306,0.0,16.03,5.34
2018,307,0.0,11.65,1.62
2018,308,0.57,9.67,0.93
2018,309,0.0,10.98,0.94
2018,310,0.0,8.97,-0.76
2018,311,0.0,8.57,-0.89
2018,312,0.0,6.79,-5.12
2018,313,0.0,7.1,-6.18
2018,314,0.0,8.46,-4.55
2018,315,0.0,5.86,-4.08
2018,316,0.0,4.93,-6.45
2018,317,0.0,6.23,-6.74
2018,318,0.0,10.03,-3.83
2018,319,0.0,10.35,-2.91
2018,320,0.0,11.86,-2.36
2018,321,0.46,7.68,-3.18
2018,322,0.0,6.17,-6.39
2018,323,0.0,6.38,-6.81
2018,324,0.0,7.57,-5.47
2018,325,0.0,8.89,-4.74
2018,326,2.58,7.87,-1.68
2018,327,16.06,8.51,0.92
2018,328,13.48,5.9,-1.05
2018,329,0.0,4.22,-4.89
2018,330,0.0,3.76,-6.42
2018,331,0.0,5.37,-4.36
2018,332,11.79,4.97,-0.64
2018,333,15.32,4.03,-0.37
2018,334,17.14,4.66,0.04
2018,335,0.0,3.31,-1.83
2018,336,6.31,0.33,-2.94
2018,337,2.39,-0.47,-6.03
2018,338,0.79,-2.13,-10.54
2018,339,0.0,-1.66,-9.38
2018,340,0.0,0.44,-5.81
2018,341,0.0,1.56,-4.97
2018,342,0.0,3.16,-3.43
2018,343,0.0,2.18,-3.9
2018,344,0.0,1.23,-4.78
2018,345,0.0,-0.48,-4.49
2018,346,4.19,0.95,-5.15
2018,347,0.0,1.06,-8.37
2018,348,0.0,3.08,-7.9
2018,349,0.0,5.33,-4.73
2018,350,0.0,6.63,-3.05
2018,351,0.0,6.78,-2.45
2018,352,0.0,7.77,-0.8
2018,353,0.0,7.63,0.64
2018,354,0.0,7.3,-2.95
2018,355,4.2,7.11,-2.3
2018,356,0.0,3.42,-5.33
2018,357,5.61,1.55,-5.79
2018,358,3.1,4.58,-3.44
2018,359,5.95,3.26,-2.21
2018,360,2.63,2.03,-5.63
2018,361,1.71,-2.74,-8.4
2018,362,0.0,-1.02,-9.98
2018,363,0.0,-3.4,-12.66
2018,364,3.25,0.7,-7.77
2018,365,0.0,-2.89,-10.23
2019,1,0.0,-5.48,-15.14
2019,2,0.0,-4.15,-15.17
2019,3,0.0,-2.26,-13.37
2019,4,0.0,0.39,-9.82
2019,5,9.41,2.44,-8.69
2019,6,15.03,3.96,-4.16
2019,7,0.0,3.76,-2.3
2019,8,0.0,4.35,-3.76
2019,9,0.0,7.33,-2.65
2019,10,0.96,2.32,-4.4
2019,11,0.0,3.06,-3.57
2019,12,0.0,0.39,-7.36
2019,13,0.0,-1.11,-9.65
2019,14,0.0,-2.1,-11.18
2019,15,4.58,0.26,-10.44
2019,16,5.44,4.94,-4.59
2019,17,23.54,6.53,-1.69
2019,18,2.26,3.48,-1.6
2019,19,0.0,3.01,-4.17
2019,20,9.56,6.19,-0.89
2019,21,8.8,4.62,-4.19
2019,22,0.0,0.23,-9.95
2019,23,0.0,-0.05,-9.78
2019,24,0.0,3.9,-4.57
2019,25,0.0,4.25,-4.85
2019,26,0.0,4.11,-6.32
2019,27,0.0,4.91,-5.32
2019,28,0.0,5.34,-6.83
2019,29,0.0,3.73,-7.29
2019,30,0.0,3.14,-8.74
2019,31,0.0,5.13,-6.94
2019,32,0.0,7.74,-5.06
2019,33,6.42,9.57,-0.86
2019,34,4.72,7.63,0.0
2019,35,2.89,7.75,2.46
2019,36,8.18,4.53,-1.55
2019,37,2.78,-2.33,-5.85
2019,38,0.0,-3.73,-8.91
2019,39,0.0,-1.49,-14.02
2019,40,0.0,-0.42,-10.47
2019,41,5.5,4.41,-8.56
2019,42,0.0,0.71,-10.1
2019,43,0.0,3.67,-10.16
2019,44,26.59,5.98,-3.87
2019,45,7.65,9.09,-0.44
2019,46,5.52,10.37,-1.1
2019,47,3.08,3.68,-4.94
2019,48,0.0,3.25,-6.9
2019,49,0.0,0.53,-7.73
2019,50,5.28,-2.45,-8.37
2019,51,2.7,-0.63,-8.31
2019,52,0.0,-0.58,-9.44
2019,53,0.0,0.22,-9.37
2019,54,0.0,1.57,-11.04
2019,55,1.4,6.76,-6.07
2019,56,0.0,10.87,-0.82
2019,57,0.0,12.83,4.7
2019,58,1.25,10.66,3.39
2019,59,1.27,11.16,2.2
2019,60,2.39,8.73,-1.61
2019,61,2.94,4.55,-1.37
2019,62,0.0,5.64,-3.12
2019,63,0.0,5.8,-5.08
2019,64,1.78,9.46,-1.85
2019,65,14.81,9.49,2.4
2019,66,10.9,9.61,1.93
2019,67,15.92,5.73,-0.46
2019,68,1.64,4.49,-4.3
2019,69,3.4,5.62,-3.29
2019,70,0.0,8.28,-3.6
2019,71,0.71,9.24,-3.45
2019,72,3.14,4.06,-3.18
2019,73,0.0,5.78,-3.45
2019,74,0.0,7.27,-5.29
2019,75,0.0,9.96,-4.18
2019,76,0.0,12.36,-2.64
2019,77,0.0,13.14,-1.3
2019,78,0.0,13.49,-1.48
2019,79,0.0,13.7,0.79
2019,80,7.58,11.01,2.39
2019,81,8.52,7.04,2.7
2019,82,8.88,11.07,2.94
2019,83,14.54,8.28,1.57
2019,84,0.0,14.16,0.09
2019,85,0.0,17.28,2.56
2019,86,0.0,18.75,5.13
2019,87,25.8,14.37,2.72
2019,88,9.17,7.37,0.22
2019,89,0.0,10.36,0.39
2019,90,0.0,11.28,-1.33
2019,91,0.0,13.37,1.02
2019,92,10.78,12.0,4.41
2019,93,5.31,12.04,5.12
2019,94,0.0,17.75,4.88
2019,95,2.39,17.02,6.81
2019,96,2.26,13.33,4.92
2019,97,0.0,17.11,3.09
2019,98,0.0,19.95,4.85
2019,99,13.64,15.45,3.93
2019,100,2.25,7.0,0.85
2019,101,3.55,8.18,1.7
2019,102,5.54,8.43,-0.02
2019,103,0.97,11.56,0.64
2019,104,6.8,13.75,2.94
2019,105,18.2,11.04,4.54
2019,106,16.58,9.72,3.77
2019,107,0.0,13.34,0.98
2019,108,0.0,17.54,2.87
2019,109,0.0,24.0,4.74
2019,110,6.12,23.53,7.3
2019,111,8.32,16.35,7.25
2019,112,0.0,16.83,7.51
2019,113,0.0,19.99,4.99
2019,114,0.0,21.29,7.28
2019,115,0.0,21.31,7.31
2019,116,1.07,22.39,8.41
2019,117,0.0,18.77,3.86
2019,118,0.0,14.63,5.84
2019,119,0.0,14.28,2.23
2019,120,3.73,12.43,1.51
2019,121,5.31,11.11,0.66
2019,122,0.0,16.66,0.78
2019,123,0.0,18.53,3.77
2019,124,0.0,21.55,5.36
2019,125,0.0,23.23,7.35
2019,126,0.0,22.54,7.12
2019,127,11.31,16.05,7.32
2019,128,4.02,16.29,6.99
2019,129,0.0,14.67,5.65
2019,130,0.0,18.1,5.13
2019,131,0.0,21.64,5.16
2019,132,0.0,23.88,6.76
2019,133,0.0,27.18,8.75
2019,134,0.0,27.26,10.46
2019,135,0.0,26.63,13.31
2019,136,17.33,23.28,9.94
2019,137,18.99,13.4,4.49
2019,138,4.92,12.81,3.93
2019,139,3.49,15.99,5.72
2019,140,8.83,13.55,5.02
2019,141,18.68,12.18,4.72
2019,142,4.37,12.43,4.68
2019,143,3.09,12.24,5.8
2019,144,5.34,15.28,6.04
2019,145,0.96,20.92,6.44
2019,146,10.15,23.02,6.55
2019,147,6.62,17.06,5.92
2019,148,3.99,16.19,6.35
2019,149,0.0,19.3,7.88
2019,150,1.89,22.99,8.15
2019,151,1.3,23.4,9.4
2019,152,3.33,24.3,11.64
2019,153,0.0,23.4,10.84
2019,154,0.0,25.06,9.94
2019,155,0.0,26.13,11.14
2019,156,0.0,27.22,12.2
2019,157,4.95,28.98,13.32
2019,158,0.0,24.61,10.66
2019,159,0.0,16.67,5.18
2019,160,0.0,19.89,4.03
2019,161,0.0,23.68,6.7
2019,162,0.0,25.68,9.11
2019,163,0.0,27.85,10.87
2019,164,0.66,28.99,13.5
2019,165,0.0,26.76,13.74
2019,166,0.0,28.09,13.33
2019,167,0.0,27.84,13.07
2019,168,0.0,27.17,13.62
2019,169,0.0,26.7,12.5
2019,170,0.0,27.7,12.64
2019,171,0.0,25.09,8.94
2019,172,0.0,18.4,4.5
2019,173,0.0,19.6,6.24
2019,174,0.0,24.09,7.89
2019,175,0.0,26.45,10.78
2019,176,0.0,29.49,12.73
2019,177,0.0,30.31,13.79
2019,178,0.0,31.19,17.55
2019,179,0.0,32.37,15.53
2019,180,0.0,31.5,12.99
2019,181,0.0,29.02,16.52
2019,182,0.0,32.14,14.39
2019,183,0.0,33.33,15.61
2019,184,0.0,31.18,14.9
2019,185,4.17,27.34,12.65
2019,186,0.0,28.49,10.97
2019,187,0.0,32.03,12.76
2019,188,0.0,32.65,15.05
2019,189,0.0,30.02,14.47
2019,190,0.0,30.41,12.83
2019,191,0.0,34.73,13.88
2019,192,0.0,36.19,16.55
2019,193,0.0,36.41,17.05
2019,194,5.26,33.66,17.32
2019,195,0.0,35.81,16.58
2019,196,0.0,35.22,17.52
2019,197,0.0,34.83,15.94
2019,198,0.0,32.61,15.7
2019,199,0.0,34.4,17.0
2019,200,0.0,34.01,17.28
2019,201,0.0,33.77,16.19
2019,202,0.0,35.73,17.04
2019,203,0.0,37.43,18.97
2019,204,0.0,36.72,19.96
2019,205,0.0,33.03,20.45
2019,206,0.0,33.32,17.79
2019,207,2.88,30.52,19.35
2019,208,3.13,29.71,18.21
2019,209,0.0,33.55,17.12
2019,210,0.0,34.19,18.59
2019,211,0.0,35.92,17.52
2019,212,0.0,31.62,17.42
2019,213,0.0,31.3,14.98
2019,214,0.0,34.63,17.13
2019,215,0.0,34.5,18.7
2019,216,0.0,34.89,17.27
2019,217,0.0,35.72,19.53
2019,218,0.0,36.51,18.89
2019,219,0.0,30.52,18.63
2019,220,14.34,24.65,15.25
2019,221,0.0,29.94,14.03
2019,222,0.0,32.67,16.21
2019,223,0.0,29.51,16.39
2019,224,0.0,28.19,12.49
2019,225,0.0,31.9,12.93
2019,226,0.0,32.93,14.56
2019,227,0.0,33.52,14.98
2019,228,0.0,31.01,15.53
2019,229,0.0,30.41,13.86
2019,230,0.0,33.0,14.22
2019,231,0.0,34.02,16.24
2019,232,0.0,33.99,15.75
2019,233,0.0,34.78,15.08
2019,234,0.0,32.02,15.04
2019,235,0.0,29.37,13.12
2019,236,0.0,32.19,13.85
2019,237,0.0,32.12,15.23
2019,238,0.0,27.81,12.9
2019,239,0.0,29.33,10.74
2019,240,0.0,33.15,12.12
2019,241,0.0,33.4,14.76
2019,242,0.0,34.0,17.27
2019,243,0.0,33.76,16.19
2019,244,0.0,35.57,15.95
2019,245,0.0,34.86,15.86
2019,246,0.0,32.94,20.01
2019,247,0.0,34.52,17.18
2019,248,1.82,33.19,18.25
2019,249,0.0,29.37,18.45
2019,250,0.7,28.99,14.62
2019,251,6.08,25.13,13.17
2019,252,0.0,24.92,11.18
2019,253,9.64,23.42,12.16
2019,254,4.59,18.31,9.78
2019,255,0.0,21.71,8.08
2019,256,0.0,25.64,7.91
2019,257,0.0,29.94,9.77
2019,258,0.0,31.8,12.95
2019,259,0.55,28.97,15.98
2019,260,0.0,21.79,9.93
2019,261,0.0,25.74,6.41
2019,262,0.0,23.95,7.68
2019,263,15.78,14.35,6.76
2019,264,0.0,17.26,5.45
2019,265,0.0,21.98,5.45
2019,266,0.0,25.07,9.08
2019,267,0.0,23.3,8.74
2019,268,0.0,23.6,9.4
2019,269,0.0,25.57,9.18
2019,270,2.93,20.87,10.39
2019,271,8.61,15.88,8.93
2019,272,5.34,8.79,3.31
2019,273,0.0,13.42,0.68
2019,274,0.0,14.51,1.25
2019,275,0.0,13.49,2.7
2019,276,0.0,18.56,1.17
2019,277,0.0,15.69,2.85
2019,278,0.0,14.21,0.75
2019,279,0.0,15.05,0.87
2019,280,0.0,18.5,1.02
2019,281,0.0,22.3,3.5
2019,282,0.0,15.66,1.77
2019,283,0.0,5.26,-4.3
2019,284,0.0,9.5,-5.62
2019,285,0.0,13.79,-3.48
2019,286,0.0,18.47,-0.97
2019,287,0.0,18.7,1.72
2019,288,0.0,20.09,2.85
2019,289,0.0,24.01,4.88
2019,290,5.67,22.08,4.46
2019,291,0.0,13.23,2.19
2019,292,5.94,11.46,1.03
2019,293,0.0,8.32,1.81
2019,294,0.44,11.68,3.08
2019,295,0.0,14.86,4.66
2019,296,0.0,13.5,2.1
2019,297,0.0,10.72,-2.09
2019,298,0.0,15.19,-1.07
2019,299,0.0,14.6,0.49
2019,300,0.6,4.94,-2.82
2019,301,1.14,2.35,-7.93
2019,302,1.79,-0.93,-9.91
2019,303,0.0,-0.68,-13.83
2019,304,0.0,5.7,-10.23
2019,305,0.0,8.18,-6.95
2019,306,0.0,10.47,-5.04
2019,307,0.0,12.78,-2.61
2019,308,0.0,13.05,-1.55
2019,309,0.0,15.42,-0.21
2019,310,0.0,16.33,0.95
2019,311,0.0,15.73,0.89
2019,312,0.0,16.48,0.71
2019,313,0.0,16.19,1.41
2019,314,0.0,14.16,0.42
2019,315,0.0,12.46,0.56
2019,316,0.0,13.11,-1.79
2019,317,0.0,14.57,0.8
2019,318,0.0,15.38,0.78
2019,319,0.0,17.43,2.25
2019,320,0.0,13.3,1.56
2019,321,0.0,12.97,-0.69
2019,322,0.0,14.36,0.59
2019,323,0.0,16.01,2.18
2019,324,1.01,10.68,3.05
2019,325,0.0,6.13,1.2
2019,326,0.0,3.67,-1.48
2019,327,0.0,8.08,-2.93
2019,328,0.0,7.48,-3.78
2019,329,5.78,2.4,-4.61
2019,330,0.12,-0.26,-9.83
2019,331,16.59,0.79,-6.22
2019,332,10.96,2.56,-1.45
2019,333,6.55,3.31,-1.5
2019,334,0.0,0.55,-6.01
2019,335,0.0,0.4,-10.42
2019,336,0.0,2.53,-5.46
2019,337,0.0,4.16,-3.28
2019,338,9.22,2.51,-4.26
2019,339,7.71,2.51,-1.84
2019,340,0.0,6.64,-1.49
2019,341,5.14,4.32,-3.3
2019,342,6.61,4.68,-2.04
2019,343,0.0,4.57,-1.1
2019,344,0.0,5.44,-2.81
2019,345,0.0,3.11,-4.49
2019,346,20.03,4.62,-0.92
2019,347,6.49,6.04,1.46
2019,348,5.06,3.31,-3.36
2019,349,0.0,-1.38,-7.68
2019,350,0.0,-0.83,-7.44
2019,351,0.0,-1.11,-10.8
2019,352,0.0,-0.11,-9.35
2019,353,0.0,2.19,-8.15
2019,354,0.0,4.54,-6.04
2019,355,0.0,5.38,-3.2
2019,356,0.0,8.4,0.0
2019,357,0.0,8.59,1.69
2019,358,4.89,8.69,0.98
2019,359,2.73,4.07,-0.4
2019,360,3.17,2.42,-2.95
2019,361,6.19,-0.2,-7.31
2019,362,0.0,-1.29,-9.62
2019,363,1.29,-3.62,-9.67
2019,364,0.0,0.12,-6.72
2019,365,4.07,-0.85,-7.32
2020,1,6.27,2.79,-3.92
2020,2,0.0,3.15,-2.14
2020,3,0.0,7.51,-1.75
2020,4,0.0,7.08,-3.69
2020,5,1.26,2.24,-5.07
2020,6,0.0,5.4,-3.84
2020,7,0.0,9.34,-1.42
2020,8,3.12,5.43,-1.1
2020,9,2.66,3.37,-3.07
2020,10,0.0,1.11,-7.09
2020,11,10.3,0.8,-6.02
2020,12,2.51,1.28,-4.02
2020,13,7.2,3.23,-2.68
2020,14,1.67,3.78,-4.63
2020,15,0.0,1.77,-7.74
2020,16,0.0,7.53,-5.51
2020,17,4.11,6.59,-6.27
2020,18,0.0,3.16,-7.83
2020,19,0.0,2.99,-7.14
2020,20,0.0,3.94,-5.66
2020,21,1.98,5.94,-2.9
2020,22,2.67,5.09,-0.76
2020,23,0.0,7.42,0.06
2020,24,5.95,3.46,-1.13
2020,25,0.0,7.32,0.6
2020,26,10.04,6.85,0.14
2020,27,8.54,6.84,0.41
2020,28,5.58,6.3,-0.9
2020,29,3.46,4.74,-2.24
2020,30,3.0,2.68,-2.96
2020,31,0.0,4.63,-5.88
2020,32,0.0,9.86,-1.79
2020,33,10.1,10.14,-2.69
2020,34,8.18,-1.47,-8.17
2020,35,0.0,-2.51,-12.87
2020,36,4.44,-3.04,-11.82
2020,37,8.88,3.92,-6.96
2020,38,1.04,6.3,0.47
2020,39,0.0,8.81,-1.02
2020,40,0.0,5.24,-5.53
2020,41,0.0,2.51,-7.77
2020,42,0.0,3.14,-8.29
2020,43,0.0,5.69,-5.26
2020,44,0.0,6.7,-3.77
2020,45,0.0,10.5,-4.8
2020,46,0.0,5.01,-4.74
2020,47,11.25,4.55,-1.09
2020,48,0.0,3.93,-5.63
2020,49,0.0,1.97,-8.84
2020,50,0.0,2.03,-10.53
2020,51,0.0,2.44,-11.19
2020,52,0.0,5.49,-7.86
2020,53,0.0,7.71,-4.95
2020,54,0.0,9.53,-4.23
2020,55,0.0,6.19,-4.07
2020,56,0.0,4.33,-7.51
2020,57,0.0,7.02,-7.65
2020,58,0.0,10.37,-5.18
2020,59,0.0,13.44,-3.05
2020,60,0.0,13.57,0.39
2020,61,2.58,4.92,-1.41
2020,62,0.0,5.33,-5.53
2020,63,0.0,8.46,-3.03
2020,64,0.0,13.01,-1.93
2020,65,0.0,17.15,0.36
2020,66,0.0,18.24,3.52
2020,67,0.0,16.79,6.59
2020,68,3.23,11.94,3.48
2020,69,0.0,12.39,2.67
2020,70,0.0,13.06,3.03
2020,71,0.0,13.89,1.57
2020,72,0.0,13.0,2.5
2020,73,0.0,11.19,-0.89
2020,74,0.0,14.99,3.26
2020,75,0.0,16.24,6.97
2020,76,0.0,15.21,5.47
2020,77,5.97,16.95,3.92
2020,78,9.8,10.7,2.59
2020,79,2.84,8.86,2.55
2020,80,2.2,8.78,1.63
2020,81,0.0,11.25,0.25
2020,82,0.0,12.38,2.11
2020,83,0.81,13.03,2.98
2020,84,13.62,11.27,1.97
2020,85,11.67,7.13,0.39
2020,86,3.03,6.08,-1.42
2020,87,2.44,6.6,-3.46
2020,88,1.62,8.47,-1.2
2020,89,1.01,11.36,0.51
2020,90,3.56,13.3,2.55
2020,91,0.0,17.2,5.93
2020,92,1.24,12.28,1.24
2020,93,0.0,6.4,-2.51
2020,94,0.0,9.79,-3.3
2020,95,0.0,14.71,-1.48
2020,96,0.0,18.32,4.82
2020,97,0.01,15.14,8.42
2020,98,0.0,17.76,6.19
2020,99,0.0,20.05,4.63
2020,100,0.0,19.71,5.38
2020,101,0.0,16.75,3.51
2020,102,0.0,17.16,4.84
2020,103,0.0,9.82,1.76
2020,104,0.0,7.63,-2.6
2020,105,0.0,9.84,-3.19
2020,106,8.4,9.21,1.75
2020,107,0.93,8.66,0.38
2020,108,0.0,12.36,-1.63
2020,109,0.0,16.58,1.0
2020,110,0.0,16.02,3.73
2020,111,0.0,18.68,3.91
2020,112,0.0,20.73,4.37
2020,113,0.88,19.32,5.82
2020,114,1.49,16.88,6.68
2020,115,0.0,15.92,3.49
2020,116,0.0,20.91,5.32
2020,117,0.0,23.3,9.85
2020,118,0.0,24.18,9.01
2020,119,0.0,21.95,9.65
2020,120,0.0,27.49,8.74
2020,121,0.0,26.32,11.56
2020,122,2.34,19.73,10.84
2020,123,0.0,23.02,8.65
2020,124,0.0,20.56,11.59
2020,125,0.0,17.39,5.1
2020,126,0.0,23.08,3.87
2020,127,0.0,24.89,7.1
2020,128,0.0,16.91,3.69
2020,129,0.0,20.72,3.12
2020,130,0.0,24.0,6.06
2020,131,0.0,27.51,6.3
2020,132,0.0,27.38,13.34
2020,133,0.0,23.37,12.26
2020,134,0.0,18.48,9.63
2020,135,0.0,18.17,8.48
2020,136,0.0,19.61,9.78
2020,137,0.0,21.19,5.79
2020,138,0.0,29.99,9.41
2020,139,0.0,29.65,17.1
2020,140,0.76,26.26,9.97
2020,141,3.55,16.48,7.71
2020,142,0.0,18.97,7.87
2020,143,8.17,18.88,7.83
2020,144,9.47,13.88,2.04
2020,145,0.0,16.83,3.68
2020,146,0.0,20.74,4.98
2020,147,0.0,26.4,9.47
2020,148,0.0,27.2,13.33
2020,149,0.0,30.18,13.57
2020,150,0.0,34.13,15.3
2020,151,0.0,35.21,19.81
2020,152,0.0,32.36,18.98
2020,153,0.0,32.19,17.39
2020,154,0.0,29.93,13.93
2020,155,0.0,31.37,14.95
2020,156,0.0,30.99,15.8
2020,157,0.0,34.82,15.96
2020,158,13.69,25.87,12.32
2020,159,8.59,14.55,7.39
2020,160,3.93,14.01,5.03
2020,161,0.0,21.02,4.21
2020,162,0.0,25.8,9.14
2020,163,0.0,31.32,11.97
2020,164,0.0,34.04,16.43
2020,165,0.0,27.8,13.13
2020,166,0.0,24.4,9.45
2020,167,0.0,27.53,10.6
2020,168,12.99,21.6,11.08
2020,169,10.69,18.3,7.08
2020,170,0.0,20.74,7.93
2020,171,0.0,24.65,9.82
2020,172,0.0,27.8,11.65
2020,173,0.0,29.38,13.78
2020,174,0.0,29.18,13.28
2020,175,0.0,31.4,14.12
2020,176,0.0,33.34,15.97
2020,177,0.0,30.74,18.19
2020,178,0.0,31.74,15.86
2020,179,0.0,32.55,15.55
2020,180,8.29,30.32,11.02
2020,181,10.65,17.65,6.74
2020,182,9.29,20.64,8.24
2020,183,0.0,29.17,10.63
2020,184,0.0,30.64,14.04
2020,185,0.0,32.96,15.69
2020,186,0.0,33.82,16.92
2020,187,0.0,33.24,15.44
2020,188,0.0,34.59,15.46
2020,189,0.0,32.73,16.12
2020,190,0.0,31.02,13.4
2020,191,0.0,33.4,14.06
2020,192,0.0,33.87,16.37
2020,193,0.0,35.49,15.92
2020,194,0.0,35.36,17.94
2020,195,0.0,32.04,17.49
2020,196,0.0,30.5,14.81
2020,197,0.0,32.09,14.16
2020,198,0.0,34.38,14.48
2020,199,0.0,37.07,18.38
2020,200,0.0,34.39,17.31
2020,201,0.0,34.02,16.76
2020,202,0.0,33.69,16.08
2020,203,0.0,34.93,16.85
2020,204,0.0,28.21,17.66
2020,205,0.0,33.05,15.66
2020,206,0.0,31.77,16.57
2020,207,0.0,33.66,16.91
2020,208,0.0,34.53,17.55
2020,209,0.0,35.78,18.38
2020,210,0.0,32.35,18.49
2020,211,0.0,32.71,15.0
2020,212,0.0,37.24,16.91
2020,213,0.0,38.69,21.65
2020,214,0.0,38.06,20.22
2020,215,0.0,38.15,21.21
2020,216,0.0,35.85,19.75
2020,217,0.0,34.44,18.13
2020,218,0.0,36.22,17.56
2020,219,0.0,35.42,19.96
2020,220,0.0,32.57,17.21
2020,221,0.0,33.74,15.9
2020,222,0.0,33.88,15.35
2020,223,0.0,34.07,15.54
2020,224,0.0,34.4,17.16
2020,225,0.0,32.91,17.58
2020,226,0.0,33.79,17.01
2020,227,0.0,32.64,15.11
2020,228,0.0,35.08,16.07
2020,229,0.0,35.84,17.11
2020,230,0.0,37.48,17.79
2020,231,0.0,37.93,19.13
2020,232,0.0,37.0,21.12
2020,233,0.0,35.4,22.38
2020,234,0.0,34.86,17.55
2020,235,0.0,36.08,17.65
2020,236,0.0,34.95,19.56
2020,237,0.51,35.38,18.93
2020,238,0.0,35.33,19.94
2020,239,0.0,35.02,19.64
2020,240,0.0,34.27,19.34
2020,241,1.74,33.09,16.18
2020,242,0.0,32.75,18.57
2020,243,0.0,30.2,14.47
2020,244,0.0,23.69,10.08
2020,245,0.0,24.09,7.71
2020,246,0.0,29.43,10.08
2020,247,0.0,32.29,13.47
2020,248,0.0,34.02,14.16
2020,249,0.0,36.23,15.95
2020,250,0.0,34.81,16.57
2020,251,0.0,31.82,11.99
2020,252,1.45,14.44,5.6
2020,253,0.0,17.83,5.08
2020,254,0.0,23.05,8.85
2020,255,0.0,25.97,8.56
2020,256,0.0,29.49,10.29
2020,257,0.0,30.75,11.32
2020,258,0.0,31.75,12.41
2020,259,0.0,31.22,12.77
2020,260,0.0,30.61,12.71
2020,261,0.0,31.01,13.47
2020,262,0.0,30.07,13.98
2020,263,4.18,25.0,11.69
2020,264,0.0,24.45,8.67
2020,265,0.0,29.1,9.86
2020,266,0.0,29.51,13.95
2020,267,0.0,29.01,13.14
2020,268,0.0,29.93,12.93
2020,269,0.0,27.01,11.26
2020,270,0.0,22.11,10.79
2020,271,0.0,19.55,7.85
2020,272,0.0,20.9,6.39
2020,273,0.0,23.6,6.09
2020,274,0.0,25.68,7.77
2020,275,0.0,26.56,8.73
2020,276,0.0,24.46,9.4
2020,277,0.0,25.2,9.34
2020,278,0.0,26.14,9.36
2020,279,0.0,25.78,9.54
2020,280,0.0,26.04,8.52
2020,281,0.0,26.67,8.68
2020,282,0.0,27.57,10.25
2020,283,0.0,26.74,11.26
2020,284,6.41,27.69,9.78
2020,285,5.39,16.69,6.17
2020,286,0.0,21.43,4.84
2020,287,0.0,24.25,7.01
2020,288,0.0,18.7,6.94
2020,289,0.0,13.43,2.51
2020,290,0.0,17.15,2.08
2020,291,0.0,21.19,6.47
2020,292,0.0,20.7,7.87
2020,293,0.0,20.22,7.97
2020,294,0.0,20.54,7.9
2020,295,0.0,20.65,5.59
2020,296,0.0,11.11,1.3
2020,297,0.0,11.43,-1.54
2020,298,0.0,13.93,0.89
2020,299,0.0,6.33,-4.45
2020,300,0.0,3.2,-8.79
2020,301,0.0,7.69,-5.88
2020,302,0.0,12.32,-2.53
2020,303,0.0,16.31,0.54
2020,304,0.0,18.31,2.03
2020,305,0.0,17.8,2.4
2020,306,0.0,18.33,2.06
2020,307,0.0,19.6,3.84
2020,308,0.0,22.67,5.42
2020,309,0.0,22.17,6.94
2020,310,0.0,22.39,6.15
2020,311,0.0,22.87,8.76
2020,312,8.06,19.78,6.63
2020,313,4.58,5.41,-0.39
2020,314,0.0,3.95,-2.45
2020,315,0.0,2.77,-1.75
2020,316,9.16,2.93,-1.58
2020,317,0.0,4.78,-5.1
2020,318,13.65,9.09,-4.45
2020,319,0.0,6.01,-0.73
2020,320,0.0,10.14,1.34
2020,321,0.0,15.14,1.24
2020,322,0.0,20.77,4.13
2020,323,0.0,17.54,7.37
2020,324,0.0,10.9,2.3
2020,325,0.0,8.36,-2.19
2020,326,0.0,7.8,-4.53
2020,327,0.0,5.16,-5.83
2020,328,0.0,3.88,-5.16
2020,329,0.0,5.66,-5.13
2020,330,0.0,9.08,-4.48
2020,331,0.0,3.93,-4.54
2020,332,0.0,3.78,-6.37
2020,333,0.0,5.65,-6.59
2020,334,0.0,5.71,-6.01
2020,335,0.0,7.18,-6.38
2020,336,0.0,4.69,-5.59
2020,337,0.0,5.7,-6.69
2020,338,0.0,3.38,-7.72
2020,339,0.0,3.59,-6.68
2020,340,0.0,5.4,-6.87
2020,341,0.0,6.79,-5.72
2020,342,0.0,6.28,-5.72
2020,343,0.0,6.37,-5.5
2020,344,0.0,5.93,-5.07
2020,345,0.0,2.84,-6.3
2020,346,0.21,0.96,-6.88
2020,347,0.0,1.93,-7.68
2020,348,1.66,0.74,-9.78
2020,349,2.13,-1.2,-8.46
2020,350,0.55,-0.56,-8.85
2020,351,0.0,4.67,-3.35
2020,352,13.62,2.53,-2.69
2020,353,0.0,2.46,-2.97
2020,354,0.0,3.93,-4.59
2020,355,0.0,5.73,-4.34
2020,356,0.0,10.07,0.64
2020,357,0.0,6.43,-2.43
2020,358,0.0,0.11,-8.33
2020,359,0.0,0.72,-9.34
2020,360,0.0,2.28,-7.31
2020,361,0.78,3.69,-4.89
2020,362,0.0,3.52,-5.61
2020,363,0.0,0.53,-6.2
2020,364,0.0,0.64,-9.4
2020,365,0.0,0.66,-9.69
2021,1,0.0,1.67,-8.02
2021,2,0.0,3.41,-5.06
2021,3,4.06,2.76,-4.7
2021,4,2.22,5.73,-5.18
2021,5,0.0,5.76,-2.41
2021,6,0.0,3.66,-6.58
2021,7,0.0,6.13,-6.4
2021,8,0.0,5.32,-5.35
2021,9,0.0,4.51,-6.71
2021,10,0.0,0.86,-8.48
2021,11,0.0,1.42,-9.18
2021,12,0.0,3.44,-7.35
2021,13,0.0,9.53,-3.92
2021,14,0.0,5.59,-3.82
2021,15,0.0,6.32,-5.7
2021,16,0.0,6.57,-3.3
2021,17,0.0,8.21,-3.46
2021,18,0.0,5.59,-3.24
2021,19,0.0,6.78,-3.99
2021,20,0.0,6.4,-6.54
2021,21,0.0,6.87,-4.27
2021,22,8.49,8.75,-1.64
2021,23,12.52,3.42,-1.37
2021,24,6.94,0.22,-4.08
2021,25,0.0,2.02,-5.93
2021,26,4.26,-0.53,-5.32
2021,27,0.0,2.9,-3.87
2021,28,0.0,8.43,-0.68
2021,29,10.6,8.09,0.22
2021,30,0.0,5.54,-2.07
2021,31,0.0,4.98,-5.21
2021,32,0.0,6.9,-3.54
2021,33,0.0,11.8,-1.22
2021,34,4.16,8.03,-1.42
2021,35,0.0,3.22,-2.82
2021,36,4.18,1.68,-2.76
2021,37,0.0,9.13,-2.59
2021,38,0.0,11.0,-0.73
2021,39,0.0,9.89,1.02
2021,40,0.0,8.83,1.82
2021,41,0.0,10.91,1.53
2021,42,8.84,8.65,1.78
2021,43,5.89,6.97,2.24
2021,44,14.8,4.1,-1.43
2021,45,0.0,0.46,-6.16
2021,46,14.02,2.16,-4.07
2021,47,8.26,3.42,-3.27
2021,48,2.39,1.67,-6.03
2021,49,0.0,1.28,-9.73
2021,50,4.06,6.64,-4.71
2021,51,0.0,5.93,-1.76
2021,52,0.0,4.4,-3.73
2021,53,0.0,8.53,-1.76
2021,54,0.0,7.36,-2.73
2021,55,1.41,4.27,-5.08
2021,56,0.0,3.85,-8.67
2021,57,2.38,4.6,-5.06
2021,58,0.0,0.99,-6.15
2021,59,0.0,2.03,-8.48
2021,60,0.0,6.48,-7.34
2021,61,0.0,12.08,-3.93
2021,62,0.0,14.8,-2.33
2021,63,0.0,13.35,1.47
2021,64,0.0,15.01,-0.94
2021,65,0.0,18.98,1.07
2021,66,0.0,15.93,0.11
2021,67,0.0,18.94,2.88
2021,68,0.0,9.29,0.98
2021,69,0.0,8.39,-1.06
2021,70,1.64,7.34,-1.43
2021,71,0.0,10.37,-1.85
2021,72,0.0,8.39,0.83
2021,73,0.0,14.33,0.57
2021,74,0.0,15.71,1.9
2021,75,0.0,14.27,2.81
2021,76,0.0,13.91,1.23
2021,77,0.0,17.15,3.11
2021,78,0.0,19.73,4.27
2021,79,18.46,14.09,2.12
2021,80,0.46,6.21,-1.95
2021,81,1.62,5.69,-2.74
2021,82,0.0,7.37,-2.55
2021,83,0.0,8.87,-1.64
2021,84,5.76,6.4,-0.05
2021,85,0.0,9.4,0.46
2021,86,0.0,11.55,-0.18
2021,87,0.0,18.25,0.81
2021,88,0.0,12.94,-0.66
2021,89,0.0,8.13,-4.88
2021,90,0.0,9.62,-3.56
2021,91,0.0,19.06,-1.56
2021,92,0.0,23.48,3.56
2021,93,0.0,25.44,6.32
2021,94,0.0,24.87,8.52
2021,95,4.35,21.15,3.22
2021,96,2.94,9.42,0.76
2021,97,0.0,16.49,0.23
2021,98,0.0,16.27,2.11
2021,99,0.0,14.0,-0.64
2021,100,0.0,19.2,1.02
2021,101,0.0,12.06,1.69
2021,102,0.0,12.26,-1.75
2021,103,0.0,12.28,1.02
2021,104,3.64,8.53,0.65
2021,105,2.11,7.67,1.25
2021,106,0.65,10.99,1.94
2021,107,0.0,13.77,2.7
2021,108,0.0,16.85,1.28
2021,109,0.0,17.75,2.68
2021,110,0.0,13.82,-0.04
2021,111,0.0,10.16,2.81
2021,112,0.0,16.84,1.28
2021,113,0.0,17.66,4.95
2021,114,0.0,19.25,6.57
2021,115,4.67,15.97,6.52
2021,116,16.37,7.92,3.13
2021,117,0.0,13.99,1.65
2021,118,0.0,18.71,3.3
2021,119,0.0,22.32,5.69
2021,120,0.0,26.37,8.57
2021,121,0.0,25.88,12.09
2021,122,0.0,19.87,8.45
2021,123,0.0,18.12,7.6
2021,124,0.0,19.4,5.92
2021,125,0.0,20.67,6.0
2021,126,0.0,29.06,6.7
2021,127,1.48,27.12,9.05
2021,128,0.0,14.66,5.37
2021,129,0.0,14.67,1.83
2021,130,0.62,15.9,5.57
2021,131,0.0,17.09,2.46
2021,132,0.0,22.56,4.75
2021,133,0.0,26.7,7.51
2021,134,0.0,27.99,11.34
2021,135,0.0,27.34,14.83
2021,136,2.28,25.15,11.58
2021,137,0.0,23.31,10.25
2021,138,0.0,26.64,10.96
2021,139,0.0,28.75,10.62
2021,140,0.0,23.43,9.63
2021,141,3.85,17.8,8.68
2021,142,13.74,19.57,4.97
2021,143,9.12,15.69,3.71
2021,144,0.0,19.17,5.79
2021,145,0.0,22.78,7.76
2021,146,0.0,22.98,9.28
2021,147,0.0,26.32,8.03
2021,148,0.0,26.75,9.73
2021,149,0.0,25.82,9.43
2021,150,0.0,27.28,10.27
2021,151,0.0,29.16,11.84
2021,152,0.0,29.87,12.63
2021,153,0.0,31.7,13.86
2021,154,0.0,35.25,14.99
2021,155,0.0,35.81,16.65
2021,156,0.0,34.43,17.61
2021,157,0.0,31.72,14.37
2021,158,0.0,32.87,14.73
2021,159,0.0,30.73,19.27
2021,160,0.0,31.98,18.48
2021,161,0.0,24.43,11.93
2021,162,0.0,24.85,5.03
2021,163,0.0,31.74,9.46
2021,164,0.0,37.35,13.19
2021,165,0.0,38.2,18.38
2021,166,0.0,39.46,18.98
2021,167,0.0,36.1,17.62
2021,168,0.0,35.12,16.95
2021,169,0.0,36.32,17.15
2021,170,0.0,36.2,21.92
2021,171,0.0,34.0,17.26
2021,172,0.0,34.3,16.27
2021,173,0.0,36.7,17.14
2021,174,0.0,34.0,18.88
2021,175,1.32,27.35,17.24
2021,176,0.0,28.31,14.9
2021,177,0.0,31.12,16.18
2021,178,0.0,32.62,18.89
2021,179,0.0,32.89,19.9
2021,180,0.0,33.87,20.74
2021,181,0.0,31.12,18.01
2021,182,0.0,32.67,17.11
2021,183,0.0,35.09,19.05
2021,184,0.0,36.83,18.63
2021,185,0.0,36.96,18.06
2021,186,0.0,34.76,18.06
2021,187,0.0,36.58,18.82
2021,188,0.0,38.58,20.06
2021,189,0.0,38.0,20.28
2021,190,0.0,37.46,20.77
2021,191,0.0,33.96,15.78
2021,192,0.0,37.54,19.1
2021,193,0.0,37.93,19.64
2021,194,0.0,38.03,21.89
2021,195,0.0,35.46,21.22
2021,196,0.0,36.16,18.54
2021,197,0.0,35.22,18.4
2021,198,0.0,35.65,19.14
2021,199,0.0,38.49,19.53
2021,200,1.13,35.04,21.43
2021,201,0.0,34.43,20.72
2021,202,0.0,36.32,20.64
2021,203,0.0,36.14,20.62
2021,204,0.0,34.58,20.32
2021,205,0.0,36.11,17.17
2021,206,0.0,34.96,17.81
2021,207,0.0,35.7,17.63
2021,208,0.0,34.68,20.93
2021,209,2.88,34.24,20.29
2021,210,1.8,33.06,18.89
2021,211,0.0,31.38,19.03
2021,212,0.37,33.5,18.79
2021,213,8.95,31.13,17.93
2021,214,0.24,26.57,17.54
2021,215,0.0,31.34,15.72
2021,216,0.0,33.93,15.89
2021,217,0.0,38.27,18.58
2021,218,0.0,30.19,17.41
2021,219,0.0,28.95,14.3
2021,220,0.0,34.31,15.69
2021,221,0.0,28.61,15.53
2021,222,0.0,31.53,13.43
2021,223,0.0,32.86,14.58
2021,224,0.0,35.54,15.86
2021,225,0.0,36.68,17.9
2021,226,0.0,36.95,18.76
2021,227,0.0,33.83,18.17
2021,228,0.0,34.95,16.81
2021,229,1.66,36.14,20.45
2021,230,20.78,23.26,13.97
2021,231,16.23,15.2,10.49
2021,232,0.0,24.38,10.12
2021,233,21.12,27.95,12.11
2021,234,0.0,26.97,12.74
2021,235,0.0,31.33,15.66
2021,236,0.0,32.21,13.88
2021,237,0.0,32.88,17.0
2021,238,0.0,30.19,15.54
2021,239,0.0,28.86,12.42
2021,240,0.0,28.02,12.06
2021,241,0.0,29.68,12.03
2021,242,0.0,31.64,13.88
2021,243,0.0,32.28,15.38
2021,244,0.0,28.65,18.09
2021,245,3.1,29.14,15.96
2021,246,0.0,27.0,13.4
2021,247,0.0,29.23,10.94
2021,248,0.0,31.98,12.34
2021,249,0.0,32.62,13.42
2021,250,0.0,32.75,13.76
2021,251,0.0,32.8,12.97
2021,252,0.0,35.12,13.93
2021,253,2.42,34.15,16.16
2021,254,1.89,27.04,14.8
2021,255,0.0,29.88,15.45
2021,256,0.0,28.6,14.68
2021,257,0.0,27.58,12.91
2021,258,0.0,29.82,12.55
2021,259,0.0,28.29,13.29
2021,260,0.0,29.46,11.29
2021,261,0.0,26.1,14.99
2021,262,0.0,23.88,10.54
2021,263,0.0,18.5,4.6
2021,264,0.0,21.55,5.36
2021,265,0.0,25.72,7.49
2021,266,0.0,25.8,9.13
2021,267,0.0,26.16,9.46
2021,268,0.0,28.21,11.67
2021,269,0.0,29.99,11.87
2021,270,0.0,29.71,12.7
2021,271,0.0,22.12,8.04
2021,272,0.0,17.98,3.97
2021,273,0.0,20.72,3.98
2021,274,0.0,21.96,5.48
2021,275,0.0,23.64,7.33
2021,276,0.0,25.97,7.78
2021,277,0.0,28.15,7.86
2021,278,0.0,25.83,10.45
2021,279,5.05,21.11,11.1
2021,280,8.61,19.77,10.66
2021,281,15.84,15.66,8.81
2021,282,13.93,10.64,7.27
2021,283,0.0,14.21,5.69
2021,284,4.74,16.41,4.43
2021,285,2.26,8.65,1.52
2021,286,0.6,9.07,1.37
2021,287,0.96,7.61,1.45
2021,288,0.0,11.87,-0.22
2021,289,0.0,16.51,-0.24
2021,290,0.0,22.42,3.81
2021,291,20.05,16.48,4.89
2021,292,5.61,10.23,1.3
2021,293,0.0,16.32,1.95
2021,294,0.0,19.84,4.1
2021,295,0.0,21.68,5.2
2021,296,5.51,13.86,4.16
2021,297,1.68,16.79,4.84
2021,298,26.18,18.77,5.0
2021,299,27.62,9.74,3.35
2021,300,0.0,11.92,4.54
2021,301,0.0,16.04,5.62
2021,302,0.0,18.21,4.03
2021,303,0.0,17.55,5.08
2021,304,0.0,19.04,6.52
2021,305,3.21,16.27,7.34
2021,306,5.16,13.09,5.97
2021,307,0.0,14.08,3.63
2021,308,0.0,17.81,3.55
2021,309,0.0,17.64,4.64
2021,310,0.0,17.53,5.98
2021,311,0.0,11.33,4.08
2021,312,0.0,10.43,2.29
2021,313,8.46,9.8,1.99
2021,314,0.0,9.67,3.35
2021,315,0.0,9.08,3.94
2021,316,0.0,15.52,5.88
2021,317,0.0,15.86,5.18
2021,318,0.0,17.59,5.11
2021,319,0.0,18.9,5.23
2021,320,0.0,13.57,0.27
2021,321,0.0,5.76,-4.34
2021,322,0.0,7.12,-3.64
2021,323,1.93,9.27,0.48
2021,324,0.0,8.9,1.63
2021,325,0.0,8.11,-2.57
2021,326,0.0,8.35,-2.82
2021,327,0.0,11.38,-2.04
2021,328,0.0,5.96,-2.39
2021,329,0.0,6.6,-3.33
2021,330,0.0,6.76,-2.97
2021,331,0.0,9.64,-2.2
2021,332,0.0,12.76,-0.75
2021,333,0.0,13.0,0.42
2021,334,0.0,11.1,-0.05
2021,335,0.0,11.49,-0.38
2021,336,0.0,12.86,0.75
2021,337,0.0,11.77,0.36
2021,338,0.0,12.61,-0.49
2021,339,0.0,10.96,0.26
2021,340,0.0,6.93,-1.12
2021,341,0.0,10.31,0.39
2021,342,3.09,10.53,-0.52
2021,343,9.03,5.31,-2.29
2021,344,8.35,0.43,-6.56
2021,345,0.0,0.54,-7.05
2021,346,0.0,7.9,-3.65
2021,347,0.0,10.74,2.53
2021,348,17.48,11.86,1.31
2021,349,3.92,1.04,-6.34
2021,350,2.68,1.45,-5.76
2021,351,0.0,1.16,-5.24
2021,352,0.0,0.12,-8.73
2021,353,0.0,0.93,-8.19
2021,354,0.0,4.24,-4.95
2021,355,0.0,4.48,-4.62
2021,356,0.0,3.17,-4.58
2021,357,3.56,9.18,-2.02
2021,358,0.0,6.51,1.32
2021,359,0.0,9.36,1.04
2021,360,3.87,4.64,-3.64
2021,361,2.1,3.25,-5.66
2021,362,0.0,-3.5,-6.9
2021,363,3.63,0.31,-8.75
2021,364,6.65,4.14,-3.85
2021,365,2.68,0.99,-8.19
2022,1,0.0,-5.02,-15.16
2022,2,0.0,-3.41,-15.5
2022,3,0.0,2.6,-10.29
2022,4,3.55,4.39,-5.85
2022,5,18.8,4.72,-0.56
2022,6,3.29,8.06,1.21
2022,7,0.0,12.04,1.92
2022,8,0.0,6.19,-2.79
2022,9,0.0,3.19,-6.12
2022,10,0.0,3.24,-7.02
2022,11,0.0,3.83,-6.98
2022,12,0.0,5.85,-4.8
2022,13,0.0,6.3,-3.58
2022,14,0.0,6.52,-4.27
2022,15,0.0,4.61,-5.87
2022,16,0.0,4.61,-5.35
2022,17,0.0,4.13,-5.42
2022,18,0.0,4.77,-5.83
2022,19,0.0,2.2,-5.14
2022,20,7.41,2.94,-5.9
2022,21,0.0,5.18,-5.12
2022,22,0.0,2.54,-7.87
2022,23,0.0,2.77,-7.99
2022,24,1.57,4.25,-7.16
2022,25,0.0,5.57,-5.85
2022,26,0.0,2.78,-9.15
2022,27,0.0,2.79,-10.02
2022,28,0.0,2.24,-10.15
2022,29,0.0,4.03,-8.3
2022,30,0.0,4.38,-8.12
2022,31,0.0,5.36,-8.19
2022,32,0.49,1.22,-8.91
2022,33,0.0,-0.88,-11.31
2022,34,0.0,-0.67,-11.67
2022,35,0.0,1.38,-11.19
2022,36,0.0,4.98,-8.64
2022,37,0.0,5.12,-7.61
2022,38,0.0,6.7,-6.65
2022,39,0.0,8.44,-4.63
2022,40,0.0,8.66,-3.21
2022,41,0.0,9.17,-3.86
2022,42,0.0,10.72,-1.3
2022,43,0.0,9.7,-3.94
2022,44,0.0,12.02,-3.71
2022,45,0.0,13.65,-1.41
2022,46,1.34,11.28,-0.39
2022,47,3.28,3.23,-2.34
2022,48,0.0,5.05,-6.48
2022,49,0.0,8.79,-4.23
2022,50,0.0,11.94,-2.54
2022,51,0.0,12.82,0.02
2022,52,1.21,4.49,-3.34
2022,53,1.01,1.09,-6.92
2022,54,0.69,-3.07,-10.4
2022,55,1.51,-2.73,-11.48
2022,56,0.0,-1.75,-10.3
2022,57,0.0,0.59,-12.39
2022,58,0.0,3.69,-10.49
2022,59,0.0,8.32,-6.71
2022,60,0.0,12.0,-2.57
2022,61,0.0,16.54,1.06
2022,62,0.0,19.25,4.18
2022,63,1.24,15.23,4.44
2022,64,10.18,7.9,1.0
2022,65,4.46,2.59,-4.2
2022,66,0.0,2.75,-6.81
2022,67,9.44,3.04,-3.96
2022,68,0.0,2.66,-4.88
2022,69,0.0,-0.61,-10.14
2022,70,0.0,4.22,-10.59
2022,71,0.0,11.09,-4.23
2022,72,2.49,9.74,-0.57
2022,73,0.0,9.74,-2.06
2022,74,2.95,15.24,-0.74
2022,75,0.0,10.51,-0.14
2022,76,0.0,9.53,-3.46
2022,77,0.0,12.97,-1.64
2022,78,0.0,16.34,0.94
2022,79,4.6,10.24,-0.41
2022,80,0.0,7.5,-3.47
2022,81,0.0,11.61,-2.41
2022,82,0.0,14.28,-0.76
2022,83,0.0,19.51,2.39
2022,84,0.0,22.81,5.27
2022,85,0.0,23.83,7.43
2022,86,0.0,25.18,9.52
2022,87,0.0,18.99,8.44
2022,88,1.61,16.39,4.41
2022,89,0.0,16.25,2.39
2022,90,2.25,11.56,1.83
2022,91,0.0,13.88,-0.8
2022,92,0.0,17.42,0.52
2022,93,0.0,15.57,1.07
2022,94,2.75,14.07,0.81
2022,95,0.0,12.12,0.31
2022,96,0.0,10.64,-2.93
2022,97,0.0,15.02,-3.2
2022,98,0.0,21.39,1.72
2022,99,0.0,13.88,1.76
2022,100,0.0,8.69,-1.7
2022,101,11.21,12.9,-1.55
2022,102,8.35,3.22,-3.71
2022,103,4.02,5.5,-3.47
2022,104,8.27,11.43,-0.72
2022,105,5.37,12.54,2.34
2022,106,4.74,14.81,1.86
2022,107,0.0,14.87,3.17
2022,108,0.0,22.0,2.21
2022,109,0.0,18.67,3.48
2022,110,0.0,17.67,2.62
2022,111,2.57,19.63,5.64
2022,112,7.58,10.46,4.62
2022,113,1.87,11.45,3.14
2022,114,0.6,13.68,0.37
2022,115,0.0,17.06,2.06
2022,116,0.0,19.84,4.64
2022,117,0.0,22.88,6.09
2022,118,0.0,19.14,7.08
2022,119,0.0,13.62,4.29
2022,120,0.0,17.1,2.33
2022,121,1.51,13.71,5.7
2022,122,3.2,20.61,6.95
2022,123,3.29,11.76,2.48
2022,124,2.34,15.25,4.0
2022,125,0.0,22.91,4.62
2022,126,0.0,23.2,8.86
2022,127,0.0,20.06,7.9
2022,128,5.76,16.56,2.4
2022,129,3.55,9.91,-0.13
2022,130,0.0,16.15,-0.57
2022,131,5.43,20.39,1.43
2022,132,4.4,14.97,1.45
2022,133,0.0,19.31,5.01
2022,134,0.0,24.03,6.01
2022,135,0.0,27.5,7.82
2022,136,0.0,28.82,11.45
2022,137,0.0,25.08,13.89
2022,138,0.0,26.79,8.94
2022,139,0.0,20.98,7.27
2022,140,0.0,12.19,0.71
2022,141,0.0,18.02,2.96
2022,142,0.0,20.18,4.03
2022,143,0.0,18.53,1.81
2022,144,0.0,21.16,4.75
2022,145,0.0,25.68,6.44
2022,146,0.0,31.31,9.58
2022,147,0.0,28.78,15.16
2022,148,10.63,21.57,9.36
2022,149,21.98,13.85,5.6
2022,150,15.0,10.79,2.28
2022,151,0.0,18.37,2.38
2022,152,0.0,22.28,5.76
2022,153,0.0,26.48,7.26
2022,154,0.0,27.7,10.5
2022,155,0.0,28.7,14.31
2022,156,0.0,24.72,14.11
2022,157,0.0,24.97,12.47
2022,158,0.0,25.09,9.05
2022,159,0.0,29.82,11.58
2022,160,0.0,30.63,12.59
2022,161,0.0,33.17,14.61
2022,162,0.0,33.76,17.16
2022,163,0.0,35.59,17.69
2022,164,6.58,21.48,10.02
2022,165,0.0,19.44,4.85
2022,166,0.0,22.1,3.72
2022,167,0.0,33.74,7.38
2022,168,0.0,36.59,18.85
2022,169,0.0,30.71,20.47
2022,170,4.23,25.29,13.95
2022,171,5.16,20.67,7.55
2022,172,0.0,27.6,6.55
2022,173,0.0,31.12,11.86
2022,174,1.13,32.27,16.02
2022,175,0.0,31.5,13.78
2022,176,0.0,30.23,12.42
2022,177,0.0,32.64,13.42
2022,178,0.0,35.09,16.67
2022,179,0.0,35.24,16.25
2022,180,0.0,33.75,19.64
2022,181,0.0,32.76,18.23
2022,182,0.0,34.43,18.22
2022,183,0.0,35.16,18.44
2022,184,0.0,36.02,20.08
2022,185,0.0,34.93,15.99
2022,186,0.0,34.48,16.43
2022,187,0.0,34.86,19.19
2022,188,0.0,35.97,18.75
2022,189,0.0,36.42,18.03
2022,190,0.0,37.83,18.89
2022,191,0.0,36.58,17.36
2022,192,0.0,35.55,16.1
2022,193,0.0,36.99,17.67
2022,194,0.59,37.76,20.45
2022,195,0.0,36.85,21.02
2022,196,3.52,31.31,20.02
2022,197,0.0,35.59,17.51
2022,198,0.0,38.04,17.98
2022,199,0.0,35.67,20.06
2022,200,0.0,33.72,20.1
2022,201,0.0,35.48,18.82
2022,202,0.0,37.0,19.49
2022,203,0.0,38.52,20.24
2022,204,0.0,36.4,19.73
2022,205,0.0,33.06,19.59
2022,206,0.0,33.98,16.88
2022,207,0.0,35.66,18.64
2022,208,0.0,36.33,18.24
2022,209,0.0,36.83,19.0
2022,210,0.0,35.61,20.24
2022,211,0.0,36.33,19.25
2022,212,0.0,36.89,20.38
2022,213,5.63,33.42,18.7
2022,214,2.23,30.49,17.22
2022,215,0.0,32.29,17.02
2022,216,0.0,35.07,18.04
2022,217,1.01,31.75,20.29
2022,218,8.11,24.8,17.93
2022,219,0.0,30.62,15.57
2022,220,0.0,33.32,15.54
2022,221,0.0,34.15,14.92
2022,222,0.0,33.86,17.98
2022,223,0.0,30.93,17.71
2022,224,4.56,33.99,19.37
2022,225,0.0,31.96,19.82
2022,226,0.0,31.36,18.94
2022,227,0.0,34.68,18.7
2022,228,0.0,34.45,17.64
2022,229,0.0,35.18,19.2
2022,230,0.0,35.85,20.21
2022,231,7.66,29.25,18.16
2022,232,0.0,26.82,17.49
2022,233,0.0,31.36,16.03
2022,234,0.0,33.71,17.54
2022,235,0.0,33.59,16.17
2022,236,2.38,33.55,17.82
2022,237,0.0,33.11,15.64
2022,238,0.0,31.8,16.24
2022,239,0.0,32.99,17.01
2022,240,0.0,31.14,15.6
2022,241,0.0,33.66,15.41
2022,242,0.0,36.4,17.14
2022,243,0.0,37.56,18.39
2022,244,0.0,37.13,19.06
2022,245,0.0,35.35,16.52
2022,246,0.0,37.54,15.35
2022,247,0.0,37.69,18.01
2022,248,0.0,37.57,18.71
2022,249,0.0,39.43,19.34
2022,250,0.0,39.51,20.36
2022,251,0.0,35.31,20.42
2022,252,0.0,27.09,11.84
2022,253,0.0,27.59,11.93
2022,254,0.0,30.65,11.38
2022,255,0.0,31.66,11.4
2022,256,15.73,26.17,13.69
2022,257,2.55,20.7,14.75
2022,258,13.53,24.3,13.48
2022,259,0.0,22.28,11.66
2022,260,7.27,23.61,11.09
2022,261,0.0,29.26,12.62
2022,262,0.0,30.2,13.28
2022,263,0.0,31.8,16.05
2022,264,8.95,28.26,16.5
2022,265,0.0,21.98,11.7
2022,266,0.0,23.14,8.82
2022,267,0.0,25.73,8.19
2022,268,0.0,26.42,9.02
2022,269,0.0,27.33,11.08
2022,270,0.0,29.04,10.94
2022,271,6.37,27.78,12.97
2022,272,3.84,27.96,13.58
2022,273,0.0,20.23,9.49
2022,274,0.0,20.6,8.27
2022,275,0.0,22.17,8.74
2022,276,0.0,23.96,8.84
2022,277,0.0,23.84,8.96
2022,278,0.0,25.3,9.25
2022,279,0.0,25.26,10.09
2022,280,0.0,25.25,9.77
2022,281,0.0,25.46,9.6
2022,282,0.0,25.02,9.64
2022,283,0.0,25.17,9.5
2022,284,0.0,22.07,8.22
2022,285,0.0,21.83,6.07
2022,286,0.0,22.22,6.74
2022,287,0.0,22.92,6.98
2022,288,0.0,22.97,7.12
2022,289,0.0,23.68,9.99
2022,290,0.0,22.81,8.02
2022,291,0.0,22.16,7.12
2022,292,0.0,22.78,6.87
2022,293,0.0,22.21,5.8
2022,294,0.0,22.8,5.86
2022,295,13.14,18.18,2.79
2022,296,0.0,8.5,0.56
2022,297,0.0,9.24,-1.76
2022,298,0.94,11.42,1.98
2022,299,2.13,8.17,0.32
2022,300,0.0,6.92,-0.48
2022,301,0.0,12.37,-1.78
2022,302,0.0,13.67,-1.39
2022,303,0.0,15.07,-0.88
2022,304,0.0,14.94,0.21
2022,305,0.0,17.29,3.07
2022,306,17.06,10.32,-0.68
2022,307,0.0,6.18,-2.98
2022,308,3.1,5.18,-4.89
2022,309,9.63,6.66,-1.38
2022,310,0.0,10.76,1.17
2022,311,0.0,13.53,3.34
2022,312,26.84,10.17,1.38
2022,313,11.44,7.04,-0.62
2022,314,0.0,2.62,-3.19
2022,315,0.0,2.79,-7.52
2022,316,0.0,3.34,-7.02
2022,317,0.0,3.98,-6.9
2022,318,0.0,2.96,-6.88
2022,319,0.0,3.46,-8.51
2022,320,0.0,4.41,-7.87
2022,321,0.0,5.61,-7.4
2022,322,0.0,2.96,-6.73
2022,323,0.0,2.34,-8.83
2022,324,0.0,3.89,-7.67
2022,325,0.0,5.58,-6.51
2022,326,0.0,5.54,-5.51
2022,327,0.0,5.6,-4.42
2022,328,0.0,6.15,-5.45
2022,329,0.0,7.17,-4.26
2022,330,2.75,4.51,-4.06
2022,331,0.0,6.28,-1.85
2022,332,8.92,5.04,-3.3
2022,333,0.0,-0.79,-7.93
2022,334,0.0,5.22,-8.15
2022,335,8.03,9.23,0.07
2022,336,0.0,5.34,-7.93
2022,337,0.0,1.15,-9.05
2022,338,6.31,3.64,-4.17
2022,339,0.0,3.5,-3.25
2022,340,0.0,1.81,-7.37
2022,341,2.56,0.56,-7.1
2022,342,0.0,4.03,-5.32
2022,343,0.0,1.62,-4.8
2022,344,0.0,8.69,-4.65
2022,345,18.9,8.86,-2.25
2022,346,5.79,1.51,-3.24
2022,347,8.57,-0.56,-2.95
2022,348,5.99,0.37,-2.94
2022,349,2.29,-0.26,-6.72
2022,350,0.0,-2.5,-12.44
2022,351,0.0,-3.1,-12.62
2022,352,0.0,-1.74,-11.4
2022,353,0.0,0.27,-10.98
2022,354,0.0,2.52,-6.95
2022,355,0.0,5.38,-4.17
2022,356,0.0,-1.23,-11.32
2022,357,0.0,-0.97,-10.25
2022,358,0.0,2.18,-4.75
2022,359,0.0,5.93,-2.05
2022,360,0.0,9.07,-0.13
2022,361,14.18,9.14,-1.93
2022,362,1.3,3.08,-2.4
2022,363,0.0,3.73,-3.94
2022,364,15.68,3.84,-2.1
2022,365,11.29,6.42,0.7
2023,1,10.41,2.31,-0.1
2023,2,1.24,0.92,-1.58
2023,3,3.13,1.64,-3.61
2023,4,0.0,3.74,-4.44
2023,5,10.43,5.41,-2.7
2023,6,10.49,3.91,-0.61
2023,7,0.0,6.58,-0.44
2023,8,0.0,7.4,-0.86
2023,9,23.06,6.38,-1.04
2023,10,28.36,9.27,0.01
2023,11,0.0,5.48,-0.81
2023,12,0.0,5.81,-2.48
2023,13,0.0,6.71,-1.82
2023,14,9.35,7.7,-1.54
2023,15,21.72,2.67,-1.4
2023,16,4.1,3.94,-1.36
2023,17,3.47,2.35,-2.04
2023,18,0.0,0.03,-6.66
2023,19,0.51,-0.6,-7.08
2023,20,0.0,2.29,-6.73
2023,21,0.0,-1.31,-11.02
2023,22,2.78,-3.37,-11.21
2023,23,0.0,2.34,-10.0
2023,24,3.39,-2.43,-10.46
2023,25,1.0,-1.51,-9.98
2023,26,1.79,-1.45,-9.97
2023,27,3.25,1.9,-4.84
2023,28,0.0,2.48,-3.0
2023,29,4.22,-0.82,-9.26
2023,30,0.0,-8.61,-18.16
2023,31,0.0,-6.9,-20.03
2023,32,0.0,-1.14,-14.79
2023,33,0.0,1.73,-11.35
2023,34,0.0,3.51,-8.02
2023,35,0.0,4.05,-7.77
2023,36,6.4,2.5,-5.3
2023,37,4.4,2.96,-4.62
2023,38,0.0,4.45,-7.51
2023,39,0.0,1.5,-8.4
2023,40,0.0,0.69,-11.16
2023,41,0.0,3.02,-10.54
2023,42,0.0,5.81,-6.53
2023,43,0.0,4.92,-6.77
2023,44,1.92,4.53,-8.27
2023,45,0.0,1.08,-9.5
2023,46,0.0,0.24,-10.11
2023,47,0.0,-0.16,-14.12
2023,48,0.0,1.7,-12.33
2023,49,1.34,3.8,-9.55
2023,50,0.0,6.15,-5.37
2023,51,0.0,7.77,-0.36
2023,52,24.44,5.27,-1.49
2023,53,5.4,-2.46,-7.57
2023,54,0.0,-0.2,-9.71
2023,55,0.0,3.89,-7.43
2023,56,0.0,6.52,-5.41
2023,57,13.01,2.86,-4.5
2023,58,8.18,5.46,-2.61
2023,59,0.0,3.68,-3.99
2023,60,0.0,3.34,-3.71
2023,61,0.0,2.68,-6.55
2023,62,0.0,3.06,-5.61
2023,63,9.99,5.34,-6.69
2023,64,9.96,5.25,-4.87
2023,65,0.0,3.27,-4.07
2023,66,0.0,3.16,-7.95
2023,67,5.34,2.06,-6.85
2023,68,0.0,6.77,-5.98
2023,69,4.95,10.72,-2.08
2023,70,2.49,7.02,-3.78
2023,71,4.92,5.35,-2.36
2023,72,4.67,9.89,-2.14
2023,73,9.9,15.04,1.54
2023,74,4.82,9.12,1.18
2023,75,0.0,6.13,-4.11
2023,76,0.0,6.0,-5.77
2023,77,0.0,7.63,-6.01
2023,78,6.3,11.78,-4.09
2023,79,10.7,9.33,-2.3
2023,80,3.68,9.82,-3.18
2023,81,20.32,5.83,-0.8
2023,82,8.85,7.98,-0.16
2023,83,11.78,3.94,-3.86
2023,84,3.75,1.88,-5.68
2023,85,14.77,1.9,-7.94
2023,86,13.14,2.83,-6.98
2023,87,0.0,11.74,-7.54
2023,88,24.65,13.4,-2.51
2023,89,33.03,5.85,-0.08
2023,90,6.69,7.7,-1.36
2023,91,0.0,11.52,-1.98
2023,92,13.9,6.43,-0.79
2023,93,10.27,1.94,-3.07
2023,94,20.51,0.67,-4.39
2023,95,0.0,4.22,-3.1
2023,96,0.0,7.49,-6.48
2023,97,0.0,12.57,-3.02
2023,98,0.0,15.81,-0.13
2023,99,0.0,17.32,1.41
2023,100,0.0,20.77,3.05
2023,101,0.0,24.08,6.48
2023,102,0.0,20.85,7.4
2023,103,3.22,9.07,-1.0
2023,104,0.0,9.04,-1.95
2023,105,0.0,13.5,-0.34
2023,106,0.0,21.03,1.7
2023,107,0.0,20.32,3.08
2023,108,1.22,10.09,1.38
2023,109,0.0,6.73,-2.84
2023,110,0.0,6.79,-1.51
2023,111,4.53,7.94,-0.08
2023,112,0.0,8.47,1.5
2023,113,0.0,14.23,0.09
2023,114,5.42,16.49,1.5
2023,115,0.0,10.15,0.44
2023,116,0.0,16.47,0.37
2023,117,0.0,19.64,3.59
2023,118,0.0,20.26,5.14
2023,119,0.0,24.75,4.92
2023,120,0.0,27.85,8.48
2023,121,0.0,28.9,11.57
2023,122,0.0,25.49,11.16
2023,123,0.0,25.52,9.06
2023,124,0.0,20.53,7.59
2023,125,6.9,15.01,6.62
2023,126,3.45,14.82,4.64
2023,127,0.0,16.16,2.79
2023,128,0.0,21.02,5.03
2023,129,0.0,20.84,4.53
2023,130,0.0,19.8,7.39
2023,131,0.0,21.75,4.37
2023,132,0.0,22.81,7.2
2023,133,2.34,21.68,9.7
2023,134,2.13,21.59,10.38
2023,135,1.11,25.18,9.55
2023,136,0.0,28.61,11.91
2023,137,0.0,26.49,10.45
2023,138,0.0,26.35,10.48
2023,139,0.0,25.55,10.58
2023,140,0.0,27.07,11.34
2023,141,0.0,28.22,11.88
2023,142,2.3,27.18,13.09
2023,143,0.95,28.86,12.59
2023,144,0.73,26.61,10.46
2023,145,0.47,26.01,9.6
2023,146,0.54,23.86,11.06
2023,147,0.0,22.68,9.84
2023,148,0.0,22.54,9.56
2023,149,0.0,26.0,11.13
2023,150,0.0,29.03,10.61
2023,151,0.0,26.64,11.16
2023,152,0.0,23.13,10.87
2023,153,0.0,21.94,10.26
2023,154,0.0,23.72,10.78
2023,155,0.0,25.04,11.51
2023,156,0.0,27.44,10.06
2023,157,1.82,29.63,13.06
2023,158,0.32,26.34,14.08
2023,159,1.91,25.64,12.11
2023,160,0.0,26.41,10.49
2023,161,0.0,26.82,11.05
2023,162,0.0,26.96,11.99
2023,163,0.0,23.41,11.87
2023,164,0.0,23.18,11.11
2023,165,5.27,24.93,13.01
2023,166,2.18,22.9,12.78
2023,167,0.0,23.02,8.56
2023,168,0.0,25.87,10.93
2023,169,0.71,25.22,13.42
2023,170,1.17,28.16,11.98
2023,171,0.0,21.76,10.13
2023,172,0.0,23.5,9.93
2023,173,0.0,29.34,9.48
2023,174,0.0,28.04,13.44
2023,175,0.0,28.61,9.98
2023,176,0.0,32.75,12.2
2023,177,0.0,30.98,13.48
2023,178,0.0,28.12,14.5
2023,179,0.0,27.51,13.36
2023,180,0.0,26.67,13.4
2023,181,0.0,30.51,13.63
2023,182,0.0,33.13,16.05
2023,183,0.0,34.35,17.91
2023,184,2.52,36.15,17.72
2023,185,0.0,29.56,18.02
2023,186,0.0,30.82,15.42
2023,187,0.0,31.3,16.93
2023,188,0.0,33.56,16.19
2023,189,0.0,33.96,18.78
2023,190,0.0,34.47,17.23
2023,191,0.0,33.62,20.53
2023,192,0.0,34.03,15.53
2023,193,0.0,33.75,15.97
2023,194,0.0,33.06,16.32
2023,195,0.0,31.91,14.9
2023,196,0.0,34.78,15.84
2023,197,0.0,38.99,18.28
2023,198,0.0,37.95,20.82
2023,199,0.0,35.57,21.63
2023,200,5.5,34.7,18.59
2023,201,0.0,32.92,18.43
2023,202,0.0,37.16,20.21
2023,203,0.0,39.15,20.62
2023,204,0.0,39.08,22.22
2023,205,2.07,35.89,20.79
2023,206,0.0,34.61,16.41
2023,207,0.0,34.68,18.54
2023,208,0.0,36.81,20.77
2023,209,0.0,37.34,19.04
2023,210,0.0,36.69,18.62
2023,211,0.0,36.45,20.53
2023,212,0.0,34.51,21.54
2023,213,3.29,31.47,20.19
2023,214,18.89,25.48,15.61
2023,215,9.46,24.86,15.04
2023,216,0.0,28.12,13.99
2023,217,0.0,29.84,15.21
2023,218,0.0,29.42,17.49
2023,219,0.0,28.91,15.38
2023,220,0.0,24.92,15.76
2023,221,0.0,29.2,12.53
2023,222,0.0,31.55,15.83
2023,223,0.0,32.74,16.86
2023,224,0.0,32.6,18.37
2023,225,0.0,32.42,17.78
2023,226,0.0,33.8,18.02
2023,227,0.0,34.15,17.63
2023,228,0.0,33.03,18.36
2023,229,0.62,35.2,19.77
2023,230,0.0,34.15,20.09
2023,231,1.39,30.49,19.55
2023,232,1.97,27.96,17.21
2023,233,1.78,28.26,17.55
2023,234,7.72,22.46,15.62
2023,235,1.49,29.29,13.52
2023,236,0.0,30.99,15.84
2023,237,0.0,31.41,16.0
2023,238,2.75,32.6,19.37
2023,239,0.0,31.44,17.23
2023,240,0.0,33.63,16.54
2023,241,0.0,36.82,16.42
2023,242,0.0,29.98,14.14
2023,243,0.0,32.21,11.7
2023,244,0.0,26.98,16.71
2023,245,0.0,27.74,16.94
2023,246,13.05,28.13,14.76
2023,247,23.01,19.87,11.38
2023,248,0.0,25.03,9.82
2023,249,0.0,26.92,9.76
2023,250,0.0,29.29,12.22
2023,251,0.0,30.12,14.05
2023,252,0.0,29.45,12.14
2023,253,0.0,28.44,13.65
2023,254,0.0,28.36,12.64
2023,255,0.0,27.61,13.09
2023,256,0.0,25.91,13.5
2023,257,0.0,25.01,10.6
2023,258,0.0,26.21,11.36
2023,259,0.0,27.27,10.64
2023,260,0.0,28.92,10.98
2023,261,0.0,28.92,12.54
2023,262,0.0,27.27,13.47
2023,263,6.7,26.9,12.39
2023,264,18.38,17.63,9.39
2023,265,5.76,16.07,7.45
2023,266,0.0,19.69,4.84
2023,267,0.0,23.91,6.84
2023,268,0.0,27.84,8.44
2023,269,0.0,28.66,11.69
2023,270,0.0,28.41,11.95
2023,271,0.0,24.0,9.72
2023,272,0.0,25.4,7.61
2023,273,8.2,24.05,10.18
2023,274,2.8,19.85,9.01
2023,275,14.89,11.83,7.47
2023,276,5.07,11.86,7.09
2023,277,0.0,16.94,8.84
2023,278,0.0,19.62,7.04
2023,279,0.0,20.46,6.02
2023,280,0.0,21.96,7.14
2023,281,0.0,23.62,7.12
2023,282,0.0,24.92,7.49
2023,283,0.0,25.61,10.16
2023,284,5.36,14.25,7.36
2023,285,3.46,8.53,5.3
2023,286,0.0,16.95,4.58
2023,287,0.0,19.02,5.75
2023,288,0.0,20.93,4.36
2023,289,0.0,22.9,5.91
2023,290,0.0,22.86,7.3
2023,291,0.0,21.93,7.18
2023,292,0.0,21.9,6.43
2023,293,0.0,23.53,7.18
2023,294,0.0,22.87,8.27
2023,295,0.0,25.12,8.59
2023,296,0.0,20.99,9.01
2023,297,0.0,18.54,7.45
2023,298,8.99,21.32,8.02
2023,299,4.15,10.12,2.06
2023,300,0.0,11.51,-0.93
2023,301,0.0,7.58,-2.07
2023,302,0.0,7.18,-3.37
2023,303,0.0,7.9,-3.77
2023,304,0.0,12.53,-4.76
2023,305,0.0,12.9,-1.19
2023,306,0.0,15.57,0.47
2023,307,0.0,17.78,4.4
2023,308,0.0,19.05,4.28
2023,309,0.0,18.49,7.0
2023,310,3.88,19.57,8.46
2023,311,6.73,10.66,2.16
2023,312,0.0,8.53,-1.25
2023,313,0.0,8.57,-2.88
2023,314,0.0,8.96,-2.49
2023,315,0.0,11.92,-2.24
2023,316,0.0,15.03,0.22
2023,317,0.0,17.33,3.59
2023,318,0.0,18.02,3.59
2023,319,5.32,19.01,5.1
2023,320,2.75,13.0,5.03
2023,321,0.0,12.37,0.32
2023,322,3.49,8.76,1.42
2023,323,10.32,6.49,1.09
2023,324,0.0,8.73,-0.69
2023,325,0.0,8.92,-3.84
2023,326,0.0,8.22,-2.97
2023,327,1.37,5.17,-1.63
2023,328,0.0,1.39,-2.88
2023,329,0.0,2.7,-5.12
2023,330,0.0,1.32,-5.9
2023,331,0.0,2.36,-7.44
2023,332,0.0,4.72,-6.42
2023,333,0.0,3.86,-5.8
2023,334,0.0,0.18,-5.53
2023,335,10.53,1.34,-5.16
2023,336,18.51,4.33,-3.33
2023,337,15.11,4.68,-1.2
2023,338,0.0,8.32,0.22
2023,339,0.0,7.89,-0.1
2023,340,0.0,11.47,0.44
2023,341,9.06,9.23,-0.64
2023,342,4.0,1.71,-4.58
2023,343,0.0,0.91,-8.96
2023,344,0.0,2.89,-6.87
2023,345,0.0,5.81,-3.55
2023,346,0.0,5.49,-3.54
2023,347,0.0,7.2,-2.09
2023,348,0.0,5.19,-4.63
2023,349,0.0,5.82,-4.7
2023,350,0.0,4.88,-4.35
2023,351,0.0,4.45,-5.31
2023,352,0.0,3.73,-3.94
2023,353,0.0,9.83,-1.18
2023,354,0.0,10.94,1.46
2023,355,0.0,10.76,1.06
2023,356,4.07,9.57,-0.28
2023,357,0.0,4.48,-2.89
2023,358,0.0,0.58,-7.82
2023,359,0.0,-0.89,-10.08
2023,360,0.0,0.56,-10.7
2023,361,0.0,3.55,-5.79
2023,362,0.0,5.53,-3.45
2023,363,0.0,6.62,-3.59
2023,364,0.0,6.58,-2.36
2023,365,0.0,5.82,-3.7
2024,1,0.0,4.75,-4.94
2024,2,0.0,4.1,-5.75
2024,3,0.0,4.06,-5.3
2024,4,1.57,1.24,-4.94
2024,5,5.49,0.32,-5.34
2024,6,15.71,2.23,-7.33
2024,7,5.23,-1.27,-9.02
2024,8,0.0,-1.63,-12.16
2024,9,0.82,1.62,-11.39
2024,10,3.32,-0.86,-7.63
2024,11,2.58,-1.74,-10.4
2024,12,2.73,1.02,-6.66
2024,13,19.49,2.02,-7.33
2024,14,5.96,2.47,-2.95
2024,15,0.0,0.5,-7.41
2024,16,6.74,-1.86,-13.72
2024,17,9.55,3.53,-7.14
2024,18,0.0,8.14,-2.67
2024,19,0.0,6.59,-0.39
2024,20,1.15,7.5,-0.65
2024,21,1.53,6.15,0.74
2024,22,0.0,8.03,1.49
2024,23,1.98,7.65,1.65
2024,24,0.54,7.68,0.79
2024,25,3.01,3.88,0.76
2024,26,0.0,6.76,0.11
2024,27,0.0,7.93,-0.41
2024,28,0.0,9.56,-0.09
2024,29,0.0,10.2,-0.15
2024,30,0.0,11.01,-0.41
2024,31,0.0,14.81,0.51
2024,32,7.38,13.07,2.83
2024,33,14.17,7.03,-0.72
2024,34,0.0,5.74,0.36
2024,35,0.75,7.05,-1.62
2024,36,9.45,7.81,3.15
2024,37,7.04,10.64,3.26
2024,38,43.98,5.3,0.98
2024,39,3.53,4.5,-0.81
2024,40,0.0,2.75,-2.74
2024,41,0.0,4.36,-7.82
2024,42,0.0,2.24,-9.09
2024,43,0.0,4.82,-7.83
2024,44,0.0,6.91,-5.02
2024,45,3.28,9.15,-2.01
2024,46,11.82,6.51,-0.26
2024,47,3.73,6.56,-1.98
2024,48,0.19,4.35,-5.65
2024,49,2.13,6.33,-3.25
2024,50,15.47,8.04,-3.47
2024,51,8.61,6.83,-0.6
2024,52,11.63,3.93,-0.05
2024,53,3.2,7.16,-0.75
2024,54,0.0,9.22,-1.83
2024,55,0.0,10.33,-3.08
2024,56,0.0,14.12,-1.18
2024,57,1.12,12.29,-0.79
2024,58,0.0,0.34,-4.88
2024,59,0.0,6.74,-7.07
2024,60,0.0,13.54,-2.57
2024,61,0.0,15.87,4.46
2024,62,16.13,11.41,-1.46
2024,63,3.63,1.48,-7.14
2024,64,0.79,2.77,-7.9
2024,65,0.06,7.0,-5.7
2024,66,1.46,9.21,-0.55
2024,67,7.04,4.68,-2.67
2024,68,0.0,3.74,-6.96
2024,69,0.0,8.41,-7.01
2024,70,0.0,12.53,-1.95
2024,71,0.0,12.16,0.34
2024,72,5.97,9.01,0.43
2024,73,0.0,7.1,-1.56
2024,74,0.0,9.61,-1.7
2024,75,0.0,11.49,1.16
2024,76,0.0,12.18,2.2
2024,77,0.0,13.8,4.5
2024,78,0.0,15.32,1.58
2024,79,0.0,14.69,2.3
2024,80,0.0,17.57,2.88
2024,81,0.0,15.58,3.69
2024,82,0.0,17.91,1.86
2024,83,16.96,15.29,0.68
2024,84,8.69,6.9,-0.75
2024,85,3.34,7.03,-2.03
2024,86,3.98,6.32,-1.13
2024,87,0.0,10.22,-1.22
2024,88,5.57,9.07,-0.85
2024,89,3.12,10.51,-0.93
2024,90,9.73,9.24,2.5
2024,91,17.5,8.07,1.44
2024,92,0.0,10.06,0.27
2024,93,0.0,14.75,0.9
2024,94,0.0,20.04,3.52
2024,95,0.0,21.46,8.57
2024,96,6.49,16.05,1.71
2024,97,2.39,4.54,-1.85
2024,98,0.0,7.75,-2.1
2024,99,0.0,10.27,-2.82
2024,100,0.0,13.15,-0.35
2024,101,0.0,16.18,3.3
2024,102,0.0,20.9,3.88
2024,103,0.0,25.11,5.51
2024,104,0.0,23.17,9.61
2024,105,12.92,20.75,6.85
2024,106,9.57,9.13,2.39
2024,107,0.0,16.36,4.38
2024,108,0.0,14.0,4.78
2024,109,0.0,12.58,-0.23
2024,110,0.0,15.33,-0.45
2024,111,0.0,18.5,4.09
2024,112,0.0,23.34,4.85
2024,113,0.0,19.93,5.98
2024,114,0.0,22.88,8.62
2024,115,0.0,25.33,10.82
2024,116,8.76,18.7,9.69
2024,117,17.02,13.12,7.71
2024,118,19.98,10.73,6.68
2024,119,2.68,15.65,4.91
2024,120,1.32,20.15,6.55
2024,121,0.0,15.25,2.32
2024,122,0.0,11.57,3.51
2024,123,0.42,16.75,0.44
2024,124,0.0,13.83,4.15
2024,125,0.0,25.05,3.63
2024,126,44.99,18.26,2.6
2024,127,13.98,10.56,0.85
2024,128,0.56,11.82,0.88
2024,129,0.0,9.26,0.35
2024,130,0.0,14.84,1.96
2024,131,0.0,18.35,7.45
2024,132,0.0,22.77,6.29
2024,133,0.0,24.65,8.85
2024,134,0.0,26.69,10.54
2024,135,0.0,22.84,6.74
2024,136,0.0,21.93,7.38
2024,137,0.0,23.58,8.1
2024,138,0.0,26.48,10.12
2024,139,0.0,25.35,8.52
2024,140,0.82,21.9,11.33
2024,141,0.98,16.28,7.79
2024,142,0.0,16.67,1.41
2024,143,0.0,21.56,5.67
2024,144,0.0,13.64,3.85
2024,145,0.0,20.78,3.18
2024,146,10.38,14.94,7.1
2024,147,0.0,22.01,8.44
2024,148,0.0,26.45,8.41
2024,149,0.0,29.38,8.06
2024,150,0.0,25.18,11.38
2024,151,0.0,20.82,5.41
2024,152,0.0,23.98,6.7
2024,153,0.0,27.56,10.67
2024,154,0.0,27.01,14.11
2024,155,0.75,21.54,13.95
2024,156,0.0,25.68,11.54
2024,157,0.0,29.47,11.44
2024,158,0.0,34.47,13.46
2024,159,0.0,32.68,18.08
2024,160,0.0,31.26,13.94
2024,161,0.31,33.42,17.36
2024,162,0.0,28.55,15.21
2024,163,0.0,32.8,13.12
2024,164,0.0,35.88,14.85
2024,165,0.0,36.52,15.89
2024,166,0.0,32.94,17.13
2024,167,0.0,28.73,15.14
2024,168,0.0,24.78,11.76
2024,169,0.0,21.98,7.15
2024,170,0.0,18.45,2.55
2024,171,0.0,26.04,5.79
2024,172,0.0,32.36,11.45
2024,173,0.0,31.34,15.59
2024,174,0.0,34.12,15.92
2024,175,0.0,35.97,18.22
2024,176,0.0,34.21,17.97
2024,177,0.0,36.98,18.0
2024,178,0.0,35.26,20.34
2024,179,0.0,32.87,18.17
2024,180,0.0,29.92,12.31
2024,181,0.0,36.12,12.89
2024,182,0.0,36.58,18.13
2024,183,0.0,27.86,17.87
2024,184,0.0,27.0,11.38
2024,185,0.0,29.8,12.98
2024,186,0.0,28.49,11.56
2024,187,0.0,31.04,11.49
2024,188,0.0,32.81,13.98
2024,189,0.0,32.49,15.28
2024,190,0.0,34.0,15.55
2024,191,0.0,36.51,16.71
2024,192,0.0,38.6,18.28
2024,193,0.0,39.63,20.33
2024,194,0.0,39.76,20.21
2024,195,0.0,38.34,20.57
2024,196,0.0,37.54,22.83
2024,197,0.0,34.17,21.35
2024,198,0.0,34.07,18.35
2024,199,0.0,37.34,19.71
2024,200,0.0,37.63,21.09
2024,201,0.0,36.43,21.52
2024,202,0.0,37.41,20.87
2024,203,0.0,36.61,21.65
2024,204,0.0,36.74,23.02
2024,205,0.0,37.37,21.35
2024,206,0.0,38.37,21.57
2024,207,0.0,34.58,20.98
2024,208,0.48,32.99,19.71
2024,209,0.54,33.02,19.26
2024,210,0.0,32.41,15.68
2024,211,0.0,34.8,17.28
2024,212,0.0,33.04,17.34
2024,213,0.0,33.22,16.39
2024,214,0.0,36.72,17.61
2024,215,0.0,38.34,18.56
2024,216,0.0,36.72,20.85
2024,217,0.0,36.1,20.9
2024,218,0.0,37.98,20.23
2024,219,0.0,38.33,23.0
2024,220,0.0,36.62,21.63
2024,221,0.0,35.48,20.59
2024,222,1.44,35.96,21.0
2024,223,0.0,35.7,19.13
2024,224,0.0,35.01,19.16
2024,225,13.27,32.33,18.67
2024,226,4.69,31.11,17.13
2024,227,0.0,31.28,15.69
2024,228,0.0,33.83,16.93
2024,229,0.0,34.29,15.85
2024,230,13.88,31.42,16.58
2024,231,1.12,32.75,16.52
2024,232,4.35,33.2,16.95
2024,233,0.0,36.01,20.9
2024,234,0.0,32.98,19.68
2024,235,0.0,32.9,17.04
2024,236,0.0,31.96,19.06
2024,237,0.0,31.81,17.97
2024,238,0.0,26.8,14.88
2024,239,0.0,25.4,11.73
2024,240,0.0,30.12,10.19
2024,241,0.0,28.8,12.98
2024,242,0.0,26.11,8.86
2024,243,0.0,29.6,9.42
2024,244,0.0,32.19,12.14
2024,245,0.0,33.34,12.95
2024,246,0.0,33.71,14.92
2024,247,0.0,32.05,17.55
2024,248,0.0,26.96,15.63
2024,249,0.0,30.46,14.48
2024,250,0.0,31.85,15.61
2024,251,0.0,32.23,13.8
2024,252,0.0,31.74,14.89
2024,253,0.0,31.57,17.38
2024,254,0.0,32.48,16.45
2024,255,0.0,31.73,18.37
2024,256,0.0,21.29,12.77
2024,257,0.0,24.32,7.92
2024,258,0.0,27.75,7.6
2024,259,0.0,29.73,11.75
2024,260,1.21,25.56,14.01
2024,261,5.58,17.84,8.12
2024,262,0.0,20.08,6.65
2024,263,0.0,23.23,7.37
2024,264,0.0,25.21,8.88
2024,265,0.0,24.94,9.87
2024,266,0.0,24.86,9.67
2024,267,0.0,23.95,9.1
2024,268,0.0,27.18,10.36
2024,269,0.0,31.71,11.94
2024,270,0.0,31.06,15.14
2024,271,0.0,29.28,10.55
2024,272,0.0,32.25,11.85
2024,273,0.0,33.12,14.7
2024,274,0.0,24.75,9.97
2024,275,0.0,25.66,7.66
2024,276,0.0,28.03,9.54
2024,277,0.0,26.88,10.02
2024,278,0.0,31.55,10.39
2024,279,0.0,25.91,11.09
2024,280,0.0,27.67,10.46
2024,281,0.0,27.5,10.87
2024,282,0.0,27.85,11.61
2024,283,0.0,29.5,11.67
2024,284,0.0,29.86,12.7
2024,285,0.0,27.92,12.26
2024,286,0.0,26.94,11.35
2024,287,0.0,26.36,9.67
2024,288,0.0,26.48,10.12
2024,289,0.0,26.25,11.13
2024,290,2.64,26.69,11.64
2024,291,11.0,16.15,6.22
2024,292,0.0,11.35,4.52
2024,293,0.0,16.48,3.85
2024,294,0.0,17.99,4.94
2024,295,0.0,20.95,6.53
2024,296,0.0,21.95,8.41
2024,297,0.0,24.42,7.85
2024,298,0.0,17.09,4.46
2024,299,0.0,17.69,0.64
2024,300,0.0,19.37,4.66
2024,301,0.0,19.3,7.08
2024,302,2.49,16.95,4.01
2024,303,0.0,8.69,2.76
2024,304,0.0,9.15,0.38
2024,305,0.0,10.63,1.52
2024,306,0.0,11.32,-0.9
2024,307,7.69,11.32,0.71
2024,308,0.0,6.42,-0.82
2024,309,0.0,7.29,-4.03
2024,310,0.0,5.63,-1.57
2024,311,0.0,7.31,-3.68
2024,312,0.0,7.97,-3.78
2024,313,0.0,8.46,-3.49
2024,314,0.0,10.59,-1.77
2024,315,0.0,14.53,-1.25
2024,316,3.51,18.64,2.38
2024,317,4.64,11.37,0.8
2024,318,0.0,9.92,-0.72
2024,319,0.0,12.31,0.16
2024,320,8.82,9.83,-1.07
2024,321,4.7,3.37,-0.61
2024,322,0.0,6.72,-2.39
2024,323,0.0,5.04,-1.82
2024,324,0.0,3.7,-5.5
2024,325,0.0,8.5,-6.43
2024,326,0.0,12.86,-0.22
2024,327,0.0,13.66,2.26
2024,328,6.94,15.37,3.21
2024,329,2.18,7.11,-0.31
2024,330,0.53,6.03,-3.77
2024,331,18.3,5.9,-2.49
2024,332,0.0,5.56,-3.35
2024,333,0.0,4.93,-5.83
2024,334,0.0,4.44,-7.62
2024,335,0.0,5.21,-6.7
2024,336,0.0,6.28,-4.54
2024,337,0.0,7.44,-3.02
2024,338,0.0,7.35,-3.06
2024,339,0.0,7.07,-3.11
2024,340,0.0,6.59,-3.51
2024,341,0.0,6.01,-4.13
2024,342,0.0,4.88,-4.89
2024,343,0.0,6.21,-3.09
2024,344,0.0,3.35,-5.06
2024,345,0.0,3.46,-6.13
2024,346,0.0,3.43,-6.39
2024,347,3.93,7.95,-3.95
2024,348,6.12,5.27,-2.08
2024,349,0.0,9.35,-1.22
2024,350,0.0,6.28,-2.38
2024,351,0.0,5.95,-4.5
2024,352,0.0,8.72,-2.19
2024,353,0.0,9.22,-2.16
2024,354,0.0,9.03,-1.5
2024,355,0.0,9.17,-1.01
2024,356,0.0,9.52,-0.5
2024,357,1.46,7.22,-0.49
2024,358,3.61,6.74,0.98
2024,359,10.44,6.57,-0.58
2024,360,4.46,4.23,-1.78
2024,361,6.0,5.17,-2.65
2024,362,12.46,5.44,0.71
2024,363,12.41,7.24,0.56
2024,364,4.51,7.44,0.28
2024,365,1.61,3.81,-3.16
