,Date,Discharge_cfs
0,2016-01-01,385.0
1,2016-01-02,385.0
2,2016-01-03,385.0
3,2016-01-04,385.0
4,2016-01-05,385.0
5,2016-01-06,385.0
6,2016-01-07,385.0
7,2016-01-08,385.0
8,2016-01-09,385.0
9,2016-01-10,385.0
10,2016-01-11,385.0
11,2016-01-12,385.0
12,2016-01-13,385.0
13,2016-01-14,385.0
14,2016-01-15,385.0
15,2016-01-16,385.0
16,2016-01-17,385.0
17,2016-01-18,385.0
18,2016-01-19,385.0
19,2016-01-20,385.0
20,2016-01-21,385.0
21,2016-01-22,385.0
22,2016-01-23,385.0
23,2016-01-24,385.0
24,2016-01-25,385.0
25,2016-01-26,385.0
26,2016-01-27,385.0
27,2016-01-28,385.0
28,2016-01-29,385.0
29,2016-01-30,385.0
30,2016-01-31,385.0
31,2016-02-01,385.0
32,2016-02-02,385.0
33,2016-02-03,385.0
34,2016-02-04,385.0
35,2016-02-05,385.0
36,2016-02-06,385.0
37,2016-02-07,385.0
38,2016-02-08,385.0
39,2016-02-09,385.0
40,2016-02-10,385.0
41,2016-02-11,385.0
42,2016-02-12,385.0
43,2016-02-13,385.0
44,2016-02-14,385.0
45,2016-02-15,385.0
46,2016-02-16,385.0
47,2016-02-17,385.0
48,2016-02-18,385.0
49,2016-02-19,385.0
50,2016-02-20,385.0
51,2016-02-21,385.0
52,2016-02-22,385.0
53,2016-02-23,385.0
54,2016-02-24,385.0
55,2016-02-25,385.0
56,2016-02-26,385.0
57,2016-02-27,385.0
58,2016-02-28,385.0
59,2016-02-29,385.0
60,2016-03-01,385.0
61,2016-03-02,385.0
62,2016-03-03,385.0
63,2016-03-04,385.0
64,2016-03-05,385.0
65,2016-03-06,385.0
66,2016-03-07,385.0
67,2016-03-08,385.0
68,2016-03-09,385.0
69,2016-03-10,385.0
70,2016-03-11,385.0
71,2016-03-12,385.0
72,2016-03-13,385.0
73,2016-03-14,385.0
74,2016-03-15,385.0
75,2016-03-16,385.0
76,2016-03-17,385.0
77,2016-03-18,385.0
78,2016-03-19,385.0
79,2016-03-20,385.0
80,2016-03-21,385.0
81,2016-03-22,385.0
82,2016-03-23,385.0
83,2016-03-24,385.0
84,2016-03-25,385.0
85,2016-03-26,385.0
86,2016-03-27,385.0
87,2016-03-28,385.0
88,2016-03-29,385.0
89,2016-03-30,385.0
90,2016-03-31,385.0
91,2016-04-01,385.0
92,2016-04-02,385.0
93,2016-04-03,385.0
94,2016-04-04,385.0
95,2016-04-05,385.0
96,2016-04-06,385.0
97,2016-04-07,385.0
98,2016-04-08,385.0
99,2016-04-09,385.0
100,2016-04-10,385.0
101,2016-04-11,385.0
102,2016-04-12,385.0
103,2016-04-13,385.0
104,2016-04-14,385.0
105,2016-04-15,385.0
106,2016-04-16,385.0
107,2016-04-17,385.0
108,2016-04-18,385.0
109,2016-04-19,385.0
110,2016-04-20,385.0
111,2016-04-21,457.0
112,2016-04-22,535.0
113,2016-04-23,661.0
114,2016-04-24,834.0
115,2016-04-25,622.0
116,2016-04-26,589.0
117,2016-04-27,560.0
118,2016-04-28,527.0
119,2016-04-29,469.0
120,2016-04-30,433.0
121,2016-05-01,389.0
122,2016-05-02,346.0
123,2016-05-03,320.0
124,2016-05-04,355.0
125,2016-05-05,441.0
126,2016-05-06,560.0
127,2016-05-07,660.0
128,2016-05-08,647.0
129,2016-05-09,728.0
130,2016-05-10,692.0
131,2016-05-11,564.0
132,2016-05-12,462.0
133,2016-05-13,406.0
134,2016-05-14,400.0
135,2016-05-15,410.0
136,2016-05-16,450.0
137,2016-05-17,429.0
138,2016-05-18,370.0
139,2016-05-19,312.0
140,2016-05-20,518.0
141,2016-05-21,512.0
142,2016-05-22,506.0
143,2016-05-23,420.0
144,2016-05-24,355.0
145,2016-05-25,302.0
146,2016-05-26,267.0
147,2016-05-27,243.0
148,2016-05-28,275.0
149,2016-05-29,273.0
150,2016-05-30,276.0
151,2016-05-31,188.0
152,2016-06-01,203.0
153,2016-06-02,202.0
154,2016-06-03,199.0
155,2016-06-04,195.0
156,2016-06-05,180.0
157,2016-06-06,152.0
158,2016-06-07,165.0
159,2016-06-08,157.0
160,2016-06-09,156.0
161,2016-06-10,176.0
162,2016-06-11,163.0
163,2016-06-12,246.0
164,2016-06-13,233.0
165,2016-06-14,261.0
166,2016-06-15,205.0
167,2016-06-16,187.0
168,2016-06-17,138.0
169,2016-06-18,114.0
170,2016-06-19,143.0
171,2016-06-20,160.0
172,2016-06-21,108.0
173,2016-06-22,136.0
174,2016-06-23,134.0
175,2016-06-24,131.0
176,2016-06-25,122.0
177,2016-06-26,140.0
178,2016-06-27,174.0
179,2016-06-28,127.0
180,2016-06-29,133.0
181,2016-06-30,138.0
182,2016-07-01,158.0
183,2016-07-02,166.0
184,2016-07-03,191.0
185,2016-07-04,153.0
186,2016-07-05,116.0
187,2016-07-06,138.0
188,2016-07-07,153.0
189,2016-07-08,146.0
190,2016-07-09,141.0
191,2016-07-10,142.0
192,2016-07-11,163.0
193,2016-07-12,162.0
194,2016-07-13,133.0
195,2016-07-14,127.0
196,2016-07-15,135.0
197,2016-07-16,134.0
198,2016-07-17,147.0
199,2016-07-18,150.0
200,2016-07-19,167.0
201,2016-07-20,124.0
202,2016-07-21,98.9
203,2016-07-22,107.0
204,2016-07-23,136.0
205,2016-07-24,168.0
206,2016-07-25,157.0
207,2016-07-26,111.0
208,2016-07-27,125.0
209,2016-07-28,118.0
210,2016-07-29,119.0
211,2016-07-30,108.0
212,2016-07-31,125.0
213,2016-08-01,119.0
214,2016-08-02,91.9
215,2016-08-03,120.0
216,2016-08-04,114.0
217,2016-08-05,113.0
218,2016-08-06,155.0
219,2016-08-07,147.0
220,2016-08-08,129.0
221,2016-08-09,106.0
222,2016-08-10,116.0
223,2016-08-11,155.0
224,2016-08-12,141.0
225,2016-08-13,147.0
226,2016-08-14,92.5
227,2016-08-15,85.4
228,2016-08-16,107.0
229,2016-08-17,113.0
230,2016-08-18,118.0
231,2016-08-19,116.0
232,2016-08-20,137.0
233,2016-08-21,132.0
234,2016-08-22,126.0
235,2016-08-23,112.0
236,2016-08-24,101.0
237,2016-08-25,108.0
238,2016-08-26,125.0
239,2016-08-27,141.0
240,2016-08-28,127.0
241,2016-08-29,90.7
242,2016-08-30,58.4
243,2016-08-31,83.8
244,2016-09-01,108.0
245,2016-09-02,171.0
246,2016-09-03,140.0
247,2016-09-04,130.0
248,2016-09-05,140.0
249,2016-09-06,127.0
250,2016-09-07,103.0
251,2016-09-08,97.4
252,2016-09-09,88.9
253,2016-09-10,97.8
254,2016-09-11,116.0
255,2016-09-12,96.0
256,2016-09-13,120.0
257,2016-09-14,195.0
258,2016-09-15,252.0
259,2016-09-16,232.0
260,2016-09-17,196.0
261,2016-09-18,169.0
262,2016-09-19,119.0
263,2016-09-20,69.5
264,2016-09-21,106.0
265,2016-09-22,142.0
266,2016-09-23,236.0
267,2016-09-24,245.0
268,2016-09-25,194.0
269,2016-09-26,159.0
270,2016-09-27,136.0
271,2016-09-28,110.0
272,2016-09-29,111.0
273,2016-09-30,101.0
274,2016-10-01,91.0
275,2016-10-02,111.0
276,2016-10-03,123.0
277,2016-10-04,109.0
278,2016-10-05,89.1
279,2016-10-06,91.2
280,2016-10-07,116.0
281,2016-10-08,102.0
282,2016-10-09,82.2
283,2016-10-10,69.1
284,2016-10-11,76.8
285,2016-10-12,99.9
286,2016-10-13,135.0
287,2016-10-14,216.0
288,2016-10-15,157.0
289,2016-10-16,109.0
290,2016-10-17,107.0
291,2016-10-18,95.0
292,2016-10-19,96.6
293,2016-10-20,83.3
294,2016-10-21,84.6
295,2016-10-22,83.0
296,2016-10-23,73.6
297,2016-10-24,79.6
298,2016-10-25,78.1
299,2016-10-26,75.6
300,2016-10-27,77.7
301,2016-10-28,76.8
302,2016-10-29,69.3
303,2016-10-30,66.1
304,2016-10-31,83.1
305,2016-11-01,84.4
306,2016-11-02,75.9
307,2016-11-03,67.4
308,2016-11-04,63.7
309,2016-11-05,65.9
310,2016-11-06,64.2
311,2016-11-07,58.0
312,2016-11-08,57.9
313,2016-11-09,56.3
314,2016-11-10,72.4
315,2016-11-11,72.8
316,2016-11-12,62.8
317,2016-11-13,73.8
318,2016-11-14,60.4
319,2016-11-15,58.8
320,2016-11-16,53.8
321,2016-11-17,52.8
322,2016-11-18,68.6
323,2016-11-19,64.9
324,2016-11-20,62.7
325,2016-11-21,70.2
326,2016-11-22,81.0
327,2016-11-23,84.6
328,2016-11-24,80.4
329,2016-11-25,76.5
330,2016-11-26,79.8
331,2016-11-27,82.1
332,2016-11-28,84.2
333,2016-11-29,78.9
334,2016-11-30,72.1
335,2016-12-01,75.8
336,2016-12-02,63.1
337,2016-12-03,62.5
338,2016-12-04,58.8
339,2016-12-05,61.6
340,2016-12-06,53.6
341,2016-12-07,52.8
342,2016-12-08,54.8
343,2016-12-09,59.2
344,2016-12-10,91.5
345,2016-12-11,158.0
346,2016-12-12,125.0
347,2016-12-13,103.0
348,2016-12-14,94.0
349,2016-12-15,89.6
350,2016-12-16,479.0
351,2016-12-17,289.0
352,2016-12-18,174.0
353,2016-12-19,146.0
354,2016-12-20,124.0
355,2016-12-21,128.0
356,2016-12-22,106.0
357,2016-12-23,96.3
358,2016-12-24,97.1
359,2016-12-25,103.0
360,2016-12-26,97.6
361,2016-12-27,86.3
362,2016-12-28,78.1
363,2016-12-29,74.4
364,2016-12-30,74.2
365,2016-12-31,72.4
366,2017-01-01,67.9
367,2017-01-02,71.9
368,2017-01-03,69.9
369,2017-01-04,78.8
370,2017-01-05,89.4
371,2017-01-06,88.5
372,2017-01-07,92.1
373,2017-01-08,107.0
374,2017-01-09,270.0
375,2017-01-10,304.0
376,2017-01-11,311.0
377,2017-01-12,250.0
378,2017-01-13,178.0
379,2017-01-14,156.0
380,2017-01-15,142.0
381,2017-01-16,127.0
382,2017-01-17,132.0
383,2017-01-18,135.0
384,2017-01-19,133.0
385,2017-01-20,117.0
386,2017-01-21,116.0
387,2017-01-22,104.0
388,2017-01-23,114.0
389,2017-01-24,101.0
390,2017-01-25,93.1
391,2017-01-26,93.1
392,2017-01-27,89.2
393,2017-01-28,88.8
394,2017-01-29,90.7
395,2017-01-30,90.3
396,2017-01-31,90.6
397,2017-02-01,92.9
398,2017-02-02,92.1
399,2017-02-03,85.6
400,2017-02-04,96.0
401,2017-02-05,135.0
402,2017-02-06,146.0
403,2017-02-07,699.0
404,2017-02-08,928.0
405,2017-02-09,1440.0
406,2017-02-10,1760.0
407,2017-02-11,1520.0
408,2017-02-12,863.0
409,2017-02-13,632.0
410,2017-02-14,517.0
411,2017-02-15,442.0
412,2017-02-16,400.0
413,2017-02-17,386.0
414,2017-02-18,424.0
415,2017-02-19,944.0
416,2017-02-20,760.0
417,2017-02-21,1280.0
418,2017-02-22,1200.0
419,2017-02-23,955.0
420,2017-02-24,833.0
421,2017-02-25,746.0
422,2017-02-26,714.0
423,2017-02-27,715.0
424,2017-02-28,685.0
425,2017-03-01,924.0
426,2017-03-02,1080.0
427,2017-03-03,1060.0
428,2017-03-04,1110.0
429,2017-03-05,1220.0
430,2017-03-06,1190.0
431,2017-03-07,1100.0
432,2017-03-08,1200.0
433,2017-03-09,1330.0
434,2017-03-10,1390.0
435,2017-03-11,1440.0
436,2017-03-12,1440.0
437,2017-03-13,1440.0
438,2017-03-14,1480.0
439,2017-03-15,1510.0
440,2017-03-16,1750.0
441,2017-03-17,1780.0
442,2017-03-18,1750.0
443,2017-03-19,1690.0
444,2017-03-20,1750.0
445,2017-03-21,1770.0
446,2017-03-22,1740.0
447,2017-03-23,2210.0
448,2017-03-24,1820.0
449,2017-03-25,1770.0
450,2017-03-26,1420.0
451,2017-03-27,1350.0
452,2017-03-28,1270.0
453,2017-03-29,1130.0
454,2017-03-30,1100.0
455,2017-03-31,1180.0
456,2017-04-01,1130.0
457,2017-04-02,1160.0
458,2017-04-03,1110.0
459,2017-04-04,1010.0
460,2017-04-05,941.0
461,2017-04-06,883.0
462,2017-04-07,907.0
463,2017-04-08,1160.0
464,2017-04-09,1230.0
465,2017-04-10,1120.0
466,2017-04-11,1120.0
467,2017-04-12,1110.0
468,2017-04-13,1180.0
469,2017-04-14,1290.0
470,2017-04-15,1270.0
471,2017-04-16,1220.0
472,2017-04-17,1270.0
473,2017-04-18,1430.0
474,2017-04-19,1740.0
475,2017-04-20,1670.0
476,2017-04-21,1360.0
477,2017-04-22,1260.0
478,2017-04-23,1190.0
479,2017-04-24,1340.0
480,2017-04-25,1370.0
481,2017-04-26,1220.0
482,2017-04-27,1270.0
483,2017-04-28,1200.0
484,2017-04-29,1170.0
485,2017-04-30,1110.0
486,2017-05-01,1050.0
487,2017-05-02,914.0
488,2017-05-03,908.0
489,2017-05-04,1000.0
490,2017-05-05,1130.0
491,2017-05-06,1300.0
492,2017-05-07,1610.0
493,2017-05-08,1710.0
494,2017-05-09,1570.0
495,2017-05-10,1610.0
496,2017-05-11,1530.0
497,2017-05-12,1570.0
498,2017-05-13,1560.0
499,2017-05-14,1230.0
500,2017-05-15,1180.0
501,2017-05-16,1270.0
502,2017-05-17,1460.0
503,2017-05-18,1290.0
504,2017-05-19,1110.0
505,2017-05-20,849.0
506,2017-05-21,773.0
507,2017-05-22,718.0
508,2017-05-23,697.0
509,2017-05-24,687.0
510,2017-05-25,797.0
511,2017-05-26,817.0
512,2017-05-27,850.0
513,2017-05-28,801.0
514,2017-05-29,818.0
515,2017-05-30,827.0
516,2017-05-31,827.0
517,2017-06-01,1090.0
518,2017-06-02,1130.0
519,2017-06-03,1180.0
520,2017-06-04,1400.0
521,2017-06-05,1650.0
522,2017-06-06,1730.0
523,2017-06-07,1660.0
524,2017-06-08,1700.0
525,2017-06-09,1400.0
526,2017-06-10,1190.0
527,2017-06-11,1030.0
528,2017-06-12,921.0
529,2017-06-13,1100.0
530,2017-06-14,1020.0
531,2017-06-15,701.0
532,2017-06-16,559.0
533,2017-06-17,499.0
534,2017-06-18,505.0
535,2017-06-19,555.0
536,2017-06-20,527.0
537,2017-06-21,508.0
538,2017-06-22,488.0
539,2017-06-23,441.0
540,2017-06-24,389.0
541,2017-06-25,288.0
542,2017-06-26,196.0
543,2017-06-27,201.0
544,2017-06-28,201.0
545,2017-06-29,182.0
546,2017-06-30,190.0
547,2017-07-01,212.0
548,2017-07-02,187.0
549,2017-07-03,167.0
550,2017-07-04,183.0
551,2017-07-05,186.0
552,2017-07-06,174.0
553,2017-07-07,154.0
554,2017-07-08,137.0
555,2017-07-09,181.0
556,2017-07-10,163.0
557,2017-07-11,179.0
558,2017-07-12,166.0
559,2017-07-13,160.0
560,2017-07-14,161.0
561,2017-07-15,169.0
562,2017-07-16,158.0
563,2017-07-17,169.0
564,2017-07-18,176.0
565,2017-07-19,164.0
566,2017-07-20,144.0
567,2017-07-21,128.0
568,2017-07-22,133.0
569,2017-07-23,178.0
570,2017-07-24,158.0
571,2017-07-25,164.0
572,2017-07-26,234.0
573,2017-07-27,213.0
574,2017-07-28,165.0
575,2017-07-29,151.0
576,2017-07-30,145.0
577,2017-07-31,134.0
578,2017-08-01,141.0
579,2017-08-02,120.0
580,2017-08-03,126.0
581,2017-08-04,131.0
582,2017-08-05,154.0
583,2017-08-06,134.0
584,2017-08-07,121.0
585,2017-08-08,143.0
586,2017-08-09,150.0
587,2017-08-10,115.0
588,2017-08-11,109.0
589,2017-08-12,133.0
590,2017-08-13,138.0
591,2017-08-14,125.0
592,2017-08-15,145.0
593,2017-08-16,132.0
594,2017-08-17,115.0
595,2017-08-18,112.0
596,2017-08-19,116.0
597,2017-08-20,116.0
598,2017-08-21,117.0
599,2017-08-22,115.0
600,2017-08-23,126.0
601,2017-08-24,123.0
602,2017-08-25,102.0
603,2017-08-26,104.0
604,2017-08-27,123.0
605,2017-08-28,113.0
606,2017-08-29,97.5
607,2017-08-30,97.7
608,2017-08-31,116.0
609,2017-09-01,136.0
610,2017-09-02,148.0
611,2017-09-03,163.0
612,2017-09-04,130.0
613,2017-09-05,103.0
614,2017-09-06,104.0
615,2017-09-07,116.0
616,2017-09-08,130.0
617,2017-09-09,157.0
618,2017-09-10,156.0
619,2017-09-11,128.0
620,2017-09-12,103.0
621,2017-09-13,107.0
622,2017-09-14,137.0
623,2017-09-15,197.0
624,2017-09-16,217.0
625,2017-09-17,169.0
626,2017-09-18,140.0
627,2017-09-19,152.0
628,2017-09-20,153.0
629,2017-09-21,151.0
630,2017-09-22,167.0
631,2017-09-23,170.0
632,2017-09-24,205.0
633,2017-09-25,193.0
634,2017-09-26,150.0
635,2017-09-27,132.0
636,2017-09-28,127.0
637,2017-09-29,105.0
638,2017-09-30,116.0
639,2017-10-01,141.0
640,2017-10-02,142.0
641,2017-10-03,151.0
642,2017-10-04,138.0
643,2017-10-05,118.0
644,2017-10-06,89.9
645,2017-10-07,98.1
646,2017-10-08,114.0
647,2017-10-09,127.0
648,2017-10-10,122.0
649,2017-10-11,102.0
650,2017-10-12,93.1
651,2017-10-13,118.0
652,2017-10-14,151.0
653,2017-10-15,182.0
654,2017-10-16,209.0
655,2017-10-17,125.0
656,2017-10-18,104.0
657,2017-10-19,93.9
658,2017-10-20,81.7
659,2017-10-21,92.1
660,2017-10-22,97.4
661,2017-10-23,90.6
662,2017-10-24,69.2
663,2017-10-25,75.3
664,2017-10-26,81.7
665,2017-10-27,80.8
666,2017-10-28,80.5
667,2017-10-29,81.3
668,2017-10-30,83.4
669,2017-10-31,75.3
670,2017-11-01,74.9
671,2017-11-02,69.9
672,2017-11-03,73.4
673,2017-11-04,74.6
674,2017-11-05,78.5
675,2017-11-06,81.2
676,2017-11-07,81.9
677,2017-11-08,81.0
678,2017-11-09,75.5
679,2017-11-10,74.1
680,2017-11-11,71.4
681,2017-11-12,68.7
682,2017-11-13,69.1
683,2017-11-14,76.1
684,2017-11-15,72.3
685,2017-11-16,68.9
686,2017-11-17,172.0
687,2017-11-18,133.0
688,2017-11-19,99.2
689,2017-11-20,82.0
690,2017-11-21,85.3
691,2017-11-22,90.5
692,2017-11-23,97.4
693,2017-11-24,90.0
694,2017-11-25,86.2
695,2017-11-26,82.6
696,2017-11-27,69.6
697,2017-11-28,64.8
698,2017-11-29,67.6
699,2017-11-30,73.8
700,2017-12-01,73.3
701,2017-12-02,70.2
702,2017-12-03,73.1
703,2017-12-04,73.2
704,2017-12-05,71.8
705,2017-12-06,62.6
706,2017-12-07,59.7
707,2017-12-08,62.1
708,2017-12-09,65.6
709,2017-12-10,69.0
710,2017-12-11,69.3
711,2017-12-12,70.5
712,2017-12-13,68.3
713,2017-12-14,60.4
714,2017-12-15,60.8
715,2017-12-16,68.1
716,2017-12-17,73.9
717,2017-12-18,68.1
718,2017-12-19,59.3
719,2017-12-20,53.1
720,2017-12-21,59.2
721,2017-12-22,61.5
722,2017-12-23,63.8
723,2017-12-24,61.7
724,2017-12-25,61.7
725,2017-12-26,63.5
726,2017-12-27,66.9
727,2017-12-28,58.8
728,2017-12-29,54.3
729,2017-12-30,57.6
730,2017-12-31,57.0
731,2018-01-01,53.2
732,2018-01-02,56.2
733,2018-01-03,54.3
734,2018-01-04,58.6
735,2018-01-05,53.9
736,2018-01-06,53.0
737,2018-01-07,56.8
738,2018-01-08,56.7
739,2018-01-09,61.0
740,2018-01-10,114.0
741,2018-01-11,121.0
742,2018-01-12,104.0
743,2018-01-13,85.9
744,2018-01-14,84.7
745,2018-01-15,80.0
746,2018-01-16,61.4
747,2018-01-17,60.0
748,2018-01-18,63.4
749,2018-01-19,72.3
750,2018-01-20,74.0
751,2018-01-21,78.8
752,2018-01-22,71.5
753,2018-01-23,67.9
754,2018-01-24,65.9
755,2018-01-25,62.1
756,2018-01-26,69.9
757,2018-01-27,69.9
758,2018-01-28,66.2
759,2018-01-29,60.3
760,2018-01-30,60.1
761,2018-01-31,73.1
762,2018-02-01,82.0
763,2018-02-02,75.0
764,2018-02-03,90.6
765,2018-02-04,113.0
766,2018-02-05,119.0
767,2018-02-06,111.0
768,2018-02-07,96.3
769,2018-02-08,83.6
770,2018-02-09,70.5
771,2018-02-10,78.6
772,2018-02-11,69.9
773,2018-02-12,75.9
774,2018-02-13,75.5
775,2018-02-14,72.9
776,2018-02-15,68.8
777,2018-02-16,61.7
778,2018-02-17,69.0
779,2018-02-18,67.6
780,2018-02-19,74.8
781,2018-02-20,64.1
782,2018-02-21,62.5
783,2018-02-22,56.2
784,2018-02-23,64.9
785,2018-02-24,61.5
786,2018-02-25,60.4
787,2018-02-26,65.6
788,2018-02-27,60.6
789,2018-02-28,59.3
790,2018-03-01,60.0
791,2018-03-02,60.5
792,2018-03-03,65.6
793,2018-03-04,63.4
794,2018-03-05,60.8
795,2018-03-06,61.7
796,2018-03-07,59.7
797,2018-03-08,54.8
798,2018-03-09,64.0
799,2018-03-10,69.4
800,2018-03-11,75.5
801,2018-03-12,73.2
802,2018-03-13,79.5
803,2018-03-14,98.3
804,2018-03-15,226.0
805,2018-03-16,171.0
806,2018-03-17,147.0
807,2018-03-18,135.0
808,2018-03-19,120.0
809,2018-03-20,104.0
810,2018-03-21,101.0
811,2018-03-22,171.0
812,2018-03-23,531.0
813,2018-03-24,332.0
814,2018-03-25,236.0
815,2018-03-26,253.0
816,2018-03-27,183.0
817,2018-03-28,158.0
818,2018-03-29,155.0
819,2018-03-30,147.0
820,2018-03-31,139.0
821,2018-04-01,140.0
822,2018-04-02,156.0
823,2018-04-03,161.0
824,2018-04-04,159.0
825,2018-04-05,128.0
826,2018-04-06,150.0
827,2018-04-07,235.0
828,2018-04-08,323.0
829,2018-04-09,249.0
830,2018-04-10,227.0
831,2018-04-11,207.0
832,2018-04-12,274.0
833,2018-04-13,242.0
834,2018-04-14,215.0
835,2018-04-15,198.0
836,2018-04-16,182.0
837,2018-04-17,182.0
838,2018-04-18,162.0
839,2018-04-19,157.0
840,2018-04-20,143.0
841,2018-04-21,141.0
842,2018-04-22,180.0
843,2018-04-23,219.0
844,2018-04-24,221.0
845,2018-04-25,171.0
846,2018-04-26,146.0
847,2018-04-27,112.0
848,2018-04-28,123.0
849,2018-04-29,160.0
850,2018-04-30,193.0
851,2018-05-01,215.0
852,2018-05-02,165.0
853,2018-05-03,142.0
854,2018-05-04,110.0
855,2018-05-05,90.6
856,2018-05-06,88.3
857,2018-05-07,98.6
858,2018-05-08,103.0
859,2018-05-09,106.0
860,2018-05-10,122.0
861,2018-05-11,175.0
862,2018-05-12,198.0
863,2018-05-13,191.0
864,2018-05-14,177.0
865,2018-05-15,150.0
866,2018-05-16,106.0
867,2018-05-17,90.9
868,2018-05-18,96.4
869,2018-05-19,90.3
870,2018-05-20,65.0
871,2018-05-21,139.0
872,2018-05-22,134.0
873,2018-05-23,160.0
874,2018-05-24,120.0
875,2018-05-25,94.7
876,2018-05-26,119.0
877,2018-05-27,137.0
878,2018-05-28,141.0
879,2018-05-29,201.0
880,2018-05-30,134.0
881,2018-05-31,102.0
882,2018-06-01,118.0
883,2018-06-02,105.0
884,2018-06-03,99.3
885,2018-06-04,105.0
886,2018-06-05,111.0
887,2018-06-06,111.0
888,2018-06-07,110.0
889,2018-06-08,109.0
890,2018-06-09,138.0
891,2018-06-10,127.0
892,2018-06-11,139.0
893,2018-06-12,120.0
894,2018-06-13,140.0
895,2018-06-14,98.9
896,2018-06-15,103.0
897,2018-06-16,119.0
898,2018-06-17,130.0
899,2018-06-18,150.0
900,2018-06-19,101.0
901,2018-06-20,87.9
902,2018-06-21,122.0
903,2018-06-22,116.0
904,2018-06-23,116.0
905,2018-06-24,154.0
906,2018-06-25,135.0
907,2018-06-26,86.5
908,2018-06-27,104.0
909,2018-06-28,109.0
910,2018-06-29,147.0
911,2018-06-30,164.0
912,2018-07-01,149.0
913,2018-07-02,149.0
914,2018-07-03,149.0
915,2018-07-04,124.0
916,2018-07-05,119.0
917,2018-07-06,108.0
918,2018-07-07,93.4
919,2018-07-08,131.0
920,2018-07-09,138.0
921,2018-07-10,125.0
922,2018-07-11,134.0
923,2018-07-12,164.0
924,2018-07-13,160.0
925,2018-07-14,146.0
926,2018-07-15,134.0
927,2018-07-16,125.0
928,2018-07-17,133.0
929,2018-07-18,127.0
930,2018-07-19,115.0
931,2018-07-20,118.0
932,2018-07-21,122.0
933,2018-07-22,156.0
934,2018-07-23,152.0
935,2018-07-24,127.0
936,2018-07-25,104.0
937,2018-07-26,92.8
938,2018-07-27,110.0
939,2018-07-28,119.0
940,2018-07-29,117.0
941,2018-07-30,104.0
942,2018-07-31,102.0
943,2018-08-01,109.0
944,2018-08-02,119.0
945,2018-08-03,132.0
946,2018-08-04,143.0
947,2018-08-05,134.0
948,2018-08-06,118.0
949,2018-08-07,110.0
950,2018-08-08,97.7
951,2018-08-09,86.7
952,2018-08-10,114.0
953,2018-08-11,119.0
954,2018-08-12,119.0
955,2018-08-13,102.0
956,2018-08-14,92.5
957,2018-08-15,95.4
958,2018-08-16,95.3
959,2018-08-17,94.9
960,2018-08-18,151.0
961,2018-08-19,178.0
962,2018-08-20,117.0
963,2018-08-21,133.0
964,2018-08-22,147.0
965,2018-08-23,255.0
966,2018-08-24,188.0
967,2018-08-25,160.0
968,2018-08-26,142.0
969,2018-08-27,114.0
970,2018-08-28,128.0
971,2018-08-29,108.0
972,2018-08-30,106.0
973,2018-08-31,105.0
974,2018-09-01,94.5
975,2018-09-02,101.0
976,2018-09-03,125.0
977,2018-09-04,81.1
978,2018-09-05,70.2
979,2018-09-06,91.8
980,2018-09-07,115.0
981,2018-09-08,107.0
982,2018-09-09,134.0
983,2018-09-10,128.0
984,2018-09-11,94.9
985,2018-09-12,92.6
986,2018-09-13,89.2
987,2018-09-14,109.0
988,2018-09-15,96.4
989,2018-09-16,81.9
990,2018-09-17,79.9
991,2018-09-18,73.4
992,2018-09-19,70.5
993,2018-09-20,72.6
994,2018-09-21,110.0
995,2018-09-22,117.0
996,2018-09-23,96.4
997,2018-09-24,80.2
998,2018-09-25,72.6
999,2018-09-26,68.0
1000,2018-09-27,64.2
1001,2018-09-28,66.7
1002,2018-09-29,55.4
1003,2018-09-30,94.9
1004,2018-10-01,214.0
1005,2018-10-02,126.0
1006,2018-10-03,122.0
1007,2018-10-04,120.0
1008,2018-10-05,134.0
1009,2018-10-06,116.0
1010,2018-10-07,102.0
1011,2018-10-08,97.6
1012,2018-10-09,90.7
1013,2018-10-10,116.0
1014,2018-10-11,114.0
1015,2018-10-12,103.0
1016,2018-10-13,95.2
1017,2018-10-14,88.0
1018,2018-10-15,85.1
1019,2018-10-16,84.6
1020,2018-10-17,80.7
1021,2018-10-18,79.8
1022,2018-10-19,77.5
1023,2018-10-20,73.6
1024,2018-10-21,73.6
1025,2018-10-22,67.4
1026,2018-10-23,71.1
1027,2018-10-24,70.6
1028,2018-10-25,69.9
1029,2018-10-26,61.9
1030,2018-10-27,60.3
1031,2018-10-28,53.9
1032,2018-10-29,54.4
1033,2018-10-30,43.7
1034,2018-10-31,51.0
1035,2018-11-01,56.8
1036,2018-11-02,56.9
1037,2018-11-03,50.0
1038,2018-11-04,48.2
1039,2018-11-05,56.2
1040,2018-11-06,49.3
1041,2018-11-07,45.4
1042,2018-11-08,50.1
1043,2018-11-09,57.6
1044,2018-11-10,51.6
1045,2018-11-11,64.6
1046,2018-11-12,57.4
1047,2018-11-13,70.0
1048,2018-11-14,51.7
1049,2018-11-15,60.0
1050,2018-11-16,65.6
1051,2018-11-17,63.6
1052,2018-11-18,57.7
1053,2018-11-19,48.7
1054,2018-11-20,43.3
1055,2018-11-21,46.6
1056,2018-11-22,52.7
1057,2018-11-23,51.8
1058,2018-11-24,90.4
1059,2018-11-25,79.8
1060,2018-11-26,53.7
1061,2018-11-27,55.2
1062,2018-11-28,58.5
1063,2018-11-29,69.8
1064,2018-11-30,73.6
1065,2018-12-01,77.4
1066,2018-12-02,73.9
1067,2018-12-03,67.6
1068,2018-12-04,47.9
1069,2018-12-05,54.3
1070,2018-12-06,57.9
1071,2018-12-07,59.1
1072,2018-12-08,55.0
1073,2018-12-09,55.4
1074,2018-12-10,53.7
1075,2018-12-11,54.8
1076,2018-12-12,52.7
1077,2018-12-13,45.2
1078,2018-12-14,44.7
1079,2018-12-15,50.0
1080,2018-12-16,56.8
1081,2018-12-17,55.3
1082,2018-12-18,49.9
1083,2018-12-19,50.9
1084,2018-12-20,49.8
1085,2018-12-21,50.1
1086,2018-12-22,55.2
1087,2018-12-23,51.3
1088,2018-12-24,51.6
1089,2018-12-25,55.8
1090,2018-12-26,54.9
1091,2018-12-27,54.9
1092,2018-12-28,49.3
1093,2018-12-29,43.2
1094,2018-12-30,46.4
1095,2018-12-31,44.9
1096,2019-01-01,30.9
1097,2019-01-02,21.8
1098,2019-01-03,22.6
1099,2019-01-04,21.8
1100,2019-01-05,32.6
1101,2019-01-06,58.4
1102,2019-01-07,52.7
1103,2019-01-08,50.8
1104,2019-01-09,49.1
1105,2019-01-10,47.9
1106,2019-01-11,47.7
1107,2019-01-12,48.5
1108,2019-01-13,43.4
1109,2019-01-14,40.4
1110,2019-01-15,44.5
1111,2019-01-16,52.2
1112,2019-01-17,66.8
1113,2019-01-18,62.2
1114,2019-01-19,61.6
1115,2019-01-20,59.2
1116,2019-01-21,56.8
1117,2019-01-22,55.9
1118,2019-01-23,51.2
1119,2019-01-24,53.8
1120,2019-01-25,54.9
1121,2019-01-26,51.9
1122,2019-01-27,51.8
1123,2019-01-28,49.8
1124,2019-01-29,49.8
1125,2019-01-30,46.0
1126,2019-01-31,42.8
1127,2019-02-01,40.4
1128,2019-02-02,49.8
1129,2019-02-03,65.4
1130,2019-02-04,81.7
1131,2019-02-05,95.8
1132,2019-02-06,83.6
1133,2019-02-07,75.6
1134,2019-02-08,67.2
1135,2019-02-09,67.6
1136,2019-02-10,67.3
1137,2019-02-11,60.5
1138,2019-02-12,57.6
1139,2019-02-13,64.0
1140,2019-02-14,77.0
1141,2019-02-15,128.0
1142,2019-02-16,158.0
1143,2019-02-17,127.0
1144,2019-02-18,107.0
1145,2019-02-19,95.4
1146,2019-02-20,88.0
1147,2019-02-21,83.2
1148,2019-02-22,78.7
1149,2019-02-23,80.8
1150,2019-02-24,72.3
1151,2019-02-25,71.9
1152,2019-02-26,64.1
1153,2019-02-27,89.5
1154,2019-02-28,105.0
1155,2019-03-01,124.0
1156,2019-03-02,140.0
1157,2019-03-03,124.0
1158,2019-03-04,113.0
1159,2019-03-05,96.2
1160,2019-03-06,126.0
1161,2019-03-07,368.0
1162,2019-03-08,364.0
1163,2019-03-09,246.0
1164,2019-03-10,200.0
1165,2019-03-11,173.0
1166,2019-03-12,163.0
1167,2019-03-13,163.0
1168,2019-03-14,152.0
1169,2019-03-15,146.0
1170,2019-03-16,143.0
1171,2019-03-17,148.0
1172,2019-03-18,174.0
1173,2019-03-19,185.0
1174,2019-03-20,248.0
1175,2019-03-21,195.0
1176,2019-03-22,203.0
1177,2019-03-23,242.0
1178,2019-03-24,475.0
1179,2019-03-25,385.0
1180,2019-03-26,375.0
1181,2019-03-27,423.0
1182,2019-03-28,523.0
1183,2019-03-29,612.0
1184,2019-03-30,474.0
1185,2019-03-31,421.0
1186,2019-04-01,386.0
1187,2019-04-02,448.0
1188,2019-04-03,752.0
1189,2019-04-04,685.0
1190,2019-04-05,717.0
1191,2019-04-06,847.0
1192,2019-04-07,779.0
1193,2019-04-08,775.0
1194,2019-04-09,934.0
1195,2019-04-10,906.0
1196,2019-04-11,745.0
1197,2019-04-12,677.0
1198,2019-04-13,582.0
1199,2019-04-14,537.0
1200,2019-04-15,1500.0
1201,2019-04-16,1590.0
1202,2019-04-17,1190.0
1203,2019-04-18,1140.0
1204,2019-04-19,1190.0
1205,2019-04-20,1570.0
1206,2019-04-21,1600.0
1207,2019-04-22,1630.0
1208,2019-04-23,1660.0
1209,2019-04-24,1650.0
1210,2019-04-25,1570.0
1211,2019-04-26,1610.0
1212,2019-04-27,1660.0
1213,2019-04-28,1590.0
1214,2019-04-29,1660.0
1215,2019-04-30,1480.0
1216,2019-05-01,1230.0
1217,2019-05-02,1130.0
1218,2019-05-03,1080.0
1219,2019-05-04,1080.0
1220,2019-05-05,1120.0
1221,2019-05-06,1150.0
1222,2019-05-07,1230.0
1223,2019-05-08,1150.0
1224,2019-05-09,1140.0
1225,2019-05-10,1070.0
1226,2019-05-11,1060.0
1227,2019-05-12,1090.0
1228,2019-05-13,1120.0
1229,2019-05-14,1120.0
1230,2019-05-15,1140.0
1231,2019-05-16,1140.0
1232,2019-05-17,1610.0
1233,2019-05-18,1460.0
1234,2019-05-19,1150.0
1235,2019-05-20,1080.0
1236,2019-05-21,1080.0
1237,2019-05-22,1040.0
1238,2019-05-23,998.0
1239,2019-05-24,1050.0
1240,2019-05-25,996.0
1241,2019-05-26,971.0
1242,2019-05-27,974.0
1243,2019-05-28,947.0
1244,2019-05-29,871.0
1245,2019-05-30,821.0
1246,2019-05-31,882.0
1247,2019-06-01,923.0
1248,2019-06-02,998.0
1249,2019-06-03,1020.0
1250,2019-06-04,949.0
1251,2019-06-05,901.0
1252,2019-06-06,813.0
1253,2019-06-07,841.0
1254,2019-06-08,913.0
1255,2019-06-09,1050.0
1256,2019-06-10,1110.0
1257,2019-06-11,1210.0
1258,2019-06-12,1280.0
1259,2019-06-13,1150.0
1260,2019-06-14,1260.0
1261,2019-06-15,1410.0
1262,2019-06-16,1370.0
1263,2019-06-17,1140.0
1264,2019-06-18,953.0
1265,2019-06-19,746.0
1266,2019-06-20,649.0
1267,2019-06-21,732.0
1268,2019-06-22,799.0
1269,2019-06-23,759.0
1270,2019-06-24,551.0
1271,2019-06-25,398.0
1272,2019-06-26,333.0
1273,2019-06-27,281.0
1274,2019-06-28,265.0
1275,2019-06-29,266.0
1276,2019-06-30,263.0
1277,2019-07-01,252.0
1278,2019-07-02,214.0
1279,2019-07-03,210.0
1280,2019-07-04,252.0
1281,2019-07-05,313.0
1282,2019-07-06,281.0
1283,2019-07-07,257.0
1284,2019-07-08,218.0
1285,2019-07-09,175.0
1286,2019-07-10,228.0
1287,2019-07-11,212.0
1288,2019-07-12,182.0
1289,2019-07-13,168.0
1290,2019-07-14,233.0
1291,2019-07-15,210.0
1292,2019-07-16,174.0
1293,2019-07-17,171.0
1294,2019-07-18,143.0
1295,2019-07-19,141.0
1296,2019-07-20,147.0
1297,2019-07-21,150.0
1298,2019-07-22,150.0
1299,2019-07-23,152.0
1300,2019-07-24,161.0
1301,2019-07-25,136.0
1302,2019-07-26,187.0
1303,2019-07-27,235.0
1304,2019-07-28,216.0
1305,2019-07-29,174.0
1306,2019-07-30,156.0
1307,2019-07-31,181.0
1308,2019-08-01,236.0
1309,2019-08-02,182.0
1310,2019-08-03,192.0
1311,2019-08-04,171.0
1312,2019-08-05,137.0
1313,2019-08-06,149.0
1314,2019-08-07,130.0
1315,2019-08-08,158.0
1316,2019-08-09,230.0
1317,2019-08-10,236.0
1318,2019-08-11,171.0
1319,2019-08-12,120.0
1320,2019-08-13,119.0
1321,2019-08-14,129.0
1322,2019-08-15,131.0
1323,2019-08-16,154.0
1324,2019-08-17,155.0
1325,2019-08-18,157.0
1326,2019-08-19,143.0
1327,2019-08-20,122.0
1328,2019-08-21,135.0
1329,2019-08-22,148.0
1330,2019-08-23,149.0
1331,2019-08-24,175.0
1332,2019-08-25,181.0
1333,2019-08-26,149.0
1334,2019-08-27,126.0
1335,2019-08-28,123.0
1336,2019-08-29,157.0
1337,2019-08-30,157.0
1338,2019-08-31,162.0
1339,2019-09-01,177.0
1340,2019-09-02,172.0
1341,2019-09-03,129.0
1342,2019-09-04,135.0
1343,2019-09-05,151.0
1344,2019-09-06,143.0
1345,2019-09-07,173.0
1346,2019-09-08,170.0
1347,2019-09-09,174.0
1348,2019-09-10,174.0
1349,2019-09-11,233.0
1350,2019-09-12,226.0
1351,2019-09-13,180.0
1352,2019-09-14,175.0
1353,2019-09-15,142.0
1354,2019-09-16,148.0
1355,2019-09-17,144.0
1356,2019-09-18,149.0
1357,2019-09-19,119.0
1358,2019-09-20,167.0
1359,2019-09-21,224.0
1360,2019-09-22,202.0
1361,2019-09-23,171.0
1362,2019-09-24,164.0
1363,2019-09-25,146.0
1364,2019-09-26,134.0
1365,2019-09-27,136.0
1366,2019-09-28,165.0
1367,2019-09-29,209.0
1368,2019-09-30,153.0
1369,2019-10-01,129.0
1370,2019-10-02,137.0
1371,2019-10-03,148.0
1372,2019-10-04,134.0
1373,2019-10-05,136.0
1374,2019-10-06,121.0
1375,2019-10-07,108.0
1376,2019-10-08,126.0
1377,2019-10-09,125.0
1378,2019-10-10,103.0
1379,2019-10-11,96.3
1380,2019-10-12,116.0
1381,2019-10-13,124.0
1382,2019-10-14,119.0
1383,2019-10-15,203.0
1384,2019-10-16,143.0
1385,2019-10-17,110.0
1386,2019-10-18,93.4
1387,2019-10-19,94.1
1388,2019-10-20,114.0
1389,2019-10-21,105.0
1390,2019-10-22,100.0
1391,2019-10-23,97.6
1392,2019-10-24,109.0
1393,2019-10-25,89.9
1394,2019-10-26,88.2
1395,2019-10-27,87.9
1396,2019-10-28,86.6
1397,2019-10-29,89.6
1398,2019-10-30,84.5
1399,2019-10-31,76.3
1400,2019-11-01,81.2
1401,2019-11-02,73.3
1402,2019-11-03,72.3
1403,2019-11-04,72.1
1404,2019-11-05,65.0
1405,2019-11-06,71.6
1406,2019-11-07,70.2
1407,2019-11-08,68.8
1408,2019-11-09,69.4
1409,2019-11-10,70.4
1410,2019-11-11,67.6
1411,2019-11-12,65.7
1412,2019-11-13,60.9
1413,2019-11-14,55.3
1414,2019-11-15,59.8
1415,2019-11-16,61.0
1416,2019-11-17,67.5
1417,2019-11-18,66.1
1418,2019-11-19,62.5
1419,2019-11-20,60.8
1420,2019-11-21,75.6
1421,2019-11-22,79.7
1422,2019-11-23,71.9
1423,2019-11-24,68.3
1424,2019-11-25,74.7
1425,2019-11-26,57.7
1426,2019-11-27,63.5
1427,2019-11-28,70.4
1428,2019-11-29,71.2
1429,2019-11-30,66.0
1430,2019-12-01,57.8
1431,2019-12-02,51.6
1432,2019-12-03,62.8
1433,2019-12-04,57.4
1434,2019-12-05,62.4
1435,2019-12-06,65.5
1436,2019-12-07,73.7
1437,2019-12-08,75.3
1438,2019-12-09,70.1
1439,2019-12-10,66.7
1440,2019-12-11,65.5
1441,2019-12-12,82.7
1442,2019-12-13,112.0
1443,2019-12-14,105.0
1444,2019-12-15,89.3
1445,2019-12-16,80.6
1446,2019-12-17,70.3
1447,2019-12-18,62.2
1448,2019-12-19,61.1
1449,2019-12-20,65.9
1450,2019-12-21,66.9
1451,2019-12-22,65.1
1452,2019-12-23,65.3
1453,2019-12-24,67.9
1454,2019-12-25,80.4
1455,2019-12-26,77.3
1456,2019-12-27,76.9
1457,2019-12-28,71.7
1458,2019-12-29,63.1
1459,2019-12-30,68.9
1460,2019-12-31,62.9
1461,2020-01-01,71.2
1462,2020-01-02,80.8
1463,2020-01-03,73.5
1464,2020-01-04,71.5
1465,2020-01-05,79.0
1466,2020-01-06,73.2
1467,2020-01-07,59.4
1468,2020-01-08,61.5
1469,2020-01-09,72.0
1470,2020-01-10,73.1
1471,2020-01-11,70.5
1472,2020-01-12,74.0
1473,2020-01-13,69.8
1474,2020-01-14,66.1
1475,2020-01-15,62.1
1476,2020-01-16,61.2
1477,2020-01-17,68.2
1478,2020-01-18,64.8
1479,2020-01-19,59.1
1480,2020-01-20,60.7
1481,2020-01-21,66.2
1482,2020-01-22,63.9
1483,2020-01-23,63.9
1484,2020-01-24,77.1
1485,2020-01-25,74.4
1486,2020-01-26,68.7
1487,2020-01-27,70.0
1488,2020-01-28,63.0
1489,2020-01-29,73.6
1490,2020-01-30,78.9
1491,2020-01-31,67.6
1492,2020-02-01,65.9
1493,2020-02-02,64.3
1494,2020-02-03,70.2
1495,2020-02-04,63.9
1496,2020-02-05,66.2
1497,2020-02-06,76.9
1498,2020-02-07,133.0
1499,2020-02-08,146.0
1500,2020-02-09,106.0
1501,2020-02-10,85.1
1502,2020-02-11,68.4
1503,2020-02-12,124.0
1504,2020-02-13,90.8
1505,2020-02-14,79.3
1506,2020-02-15,72.4
1507,2020-02-16,77.7
1508,2020-02-17,94.8
1509,2020-02-18,81.3
1510,2020-02-19,67.8
1511,2020-02-20,79.3
1512,2020-02-21,82.6
1513,2020-02-22,101.0
1514,2020-02-23,112.0
1515,2020-02-24,119.0
1516,2020-02-25,114.0
1517,2020-02-26,112.0
1518,2020-02-27,115.0
1519,2020-02-28,117.0
1520,2020-02-29,121.0
1521,2020-03-01,124.0
1522,2020-03-02,113.0
1523,2020-03-03,92.3
1524,2020-03-04,91.1
1525,2020-03-05,85.9
1526,2020-03-06,112.0
1527,2020-03-07,149.0
1528,2020-03-08,345.0
1529,2020-03-09,332.0
1530,2020-03-10,448.0
1531,2020-03-11,494.0
1532,2020-03-12,526.0
1533,2020-03-13,494.0
1534,2020-03-14,491.0
1535,2020-03-15,630.0
1536,2020-03-16,582.0
1537,2020-03-17,542.0
1538,2020-03-18,565.0
1539,2020-03-19,528.0
1540,2020-03-20,492.0
1541,2020-03-21,493.0
1542,2020-03-22,488.0
1543,2020-03-23,480.0
1544,2020-03-24,509.0
1545,2020-03-25,605.0
1546,2020-03-26,580.0
1547,2020-03-27,524.0
1548,2020-03-28,497.0
1549,2020-03-29,484.0
1550,2020-03-30,490.0
1551,2020-03-31,514.0
1552,2020-04-01,527.0
1553,2020-04-02,512.0
1554,2020-04-03,455.0
1555,2020-04-04,364.0
1556,2020-04-05,359.0
1557,2020-04-06,389.0
1558,2020-04-07,382.0
1559,2020-04-08,384.0
1560,2020-04-09,383.0
1561,2020-04-10,421.0
1562,2020-04-11,448.0
1563,2020-04-12,440.0
1564,2020-04-13,393.0
1565,2020-04-14,320.0
1566,2020-04-15,306.0
1567,2020-04-16,345.0
1568,2020-04-17,301.0
1569,2020-04-18,313.0
1570,2020-04-19,292.0
1571,2020-04-20,291.0
1572,2020-04-21,290.0
1573,2020-04-22,315.0
1574,2020-04-23,372.0
1575,2020-04-24,411.0
1576,2020-04-25,389.0
1577,2020-04-26,439.0
1578,2020-04-27,550.0
1579,2020-04-28,483.0
1580,2020-04-29,487.0
1581,2020-04-30,527.0
1582,2020-05-01,686.0
1583,2020-05-02,585.0
1584,2020-05-03,516.0
1585,2020-05-04,458.0
1586,2020-05-05,385.0
1587,2020-05-06,361.0
1588,2020-05-07,345.0
1589,2020-05-08,242.0
1590,2020-05-09,201.0
1591,2020-05-10,201.0
1592,2020-05-11,191.0
1593,2020-05-12,234.0
1594,2020-05-13,201.0
1595,2020-05-14,148.0
1596,2020-05-15,156.0
1597,2020-05-16,171.0
1598,2020-05-17,196.0
1599,2020-05-18,202.0
1600,2020-05-19,204.0
1601,2020-05-20,209.0
1602,2020-05-21,215.0
1603,2020-05-22,185.0
1604,2020-05-23,211.0
1605,2020-05-24,219.0
1606,2020-05-25,206.0
1607,2020-05-26,139.0
1608,2020-05-27,127.0
1609,2020-05-28,161.0
1610,2020-05-29,178.0
1611,2020-05-30,167.0
1612,2020-05-31,202.0
1613,2020-06-01,174.0
1614,2020-06-02,162.0
1615,2020-06-03,169.0
1616,2020-06-04,156.0
1617,2020-06-05,135.0
1618,2020-06-06,209.0
1619,2020-06-07,403.0
1620,2020-06-08,357.0
1621,2020-06-09,332.0
1622,2020-06-10,278.0
1623,2020-06-11,250.0
1624,2020-06-12,174.0
1625,2020-06-13,136.0
1626,2020-06-14,150.0
1627,2020-06-15,167.0
1628,2020-06-16,174.0
1629,2020-06-17,294.0
1630,2020-06-18,287.0
1631,2020-06-19,265.0
1632,2020-06-20,212.0
1633,2020-06-21,189.0
1634,2020-06-22,153.0
1635,2020-06-23,116.0
1636,2020-06-24,121.0
1637,2020-06-25,125.0
1638,2020-06-26,128.0
1639,2020-06-27,139.0
1640,2020-06-28,163.0
1641,2020-06-29,246.0
1642,2020-06-30,334.0
1643,2020-07-01,272.0
1644,2020-07-02,220.0
1645,2020-07-03,177.0
1646,2020-07-04,158.0
1647,2020-07-05,151.0
1648,2020-07-06,108.0
1649,2020-07-07,119.0
1650,2020-07-08,129.0
1651,2020-07-09,136.0
1652,2020-07-10,129.0
1653,2020-07-11,121.0
1654,2020-07-12,109.0
1655,2020-07-13,109.0
1656,2020-07-14,137.0
1657,2020-07-15,116.0
1658,2020-07-16,138.0
1659,2020-07-17,129.0
1660,2020-07-18,116.0
1661,2020-07-19,161.0
1662,2020-07-20,163.0
1663,2020-07-21,140.0
1664,2020-07-22,119.0
1665,2020-07-23,140.0
1666,2020-07-24,147.0
1667,2020-07-25,172.0
1668,2020-07-26,166.0
1669,2020-07-27,147.0
1670,2020-07-28,136.0
1671,2020-07-29,130.0
1672,2020-07-30,133.0
1673,2020-07-31,106.0
1674,2020-08-01,116.0
1675,2020-08-02,122.0
1676,2020-08-03,111.0
1677,2020-08-04,113.0
1678,2020-08-05,109.0
1679,2020-08-06,107.0
1680,2020-08-07,120.0
1681,2020-08-08,115.0
1682,2020-08-09,140.0
1683,2020-08-10,122.0
1684,2020-08-11,120.0
1685,2020-08-12,103.0
1686,2020-08-13,106.0
1687,2020-08-14,137.0
1688,2020-08-15,143.0
1689,2020-08-16,149.0
1690,2020-08-17,121.0
1691,2020-08-18,80.6
1692,2020-08-19,108.0
1693,2020-08-20,126.0
1694,2020-08-21,151.0
1695,2020-08-22,154.0
1696,2020-08-23,165.0
1697,2020-08-24,184.0
1698,2020-08-25,162.0
1699,2020-08-26,147.0
1700,2020-08-27,159.0
1701,2020-08-28,156.0
1702,2020-08-29,149.0
1703,2020-08-30,162.0
1704,2020-08-31,158.0
1705,2020-09-01,177.0
1706,2020-09-02,182.0
1707,2020-09-03,123.0
1708,2020-09-04,126.0
1709,2020-09-05,163.0
1710,2020-09-06,180.0
1711,2020-09-07,166.0
1712,2020-09-08,181.0
1713,2020-09-09,234.0
1714,2020-09-10,255.0
1715,2020-09-11,195.0
1716,2020-09-12,159.0
1717,2020-09-13,123.0
1718,2020-09-14,101.0
1719,2020-09-15,108.0
1720,2020-09-16,155.0
1721,2020-09-17,172.0
1722,2020-09-18,139.0
1723,2020-09-19,145.0
1724,2020-09-20,188.0
1725,2020-09-21,175.0
1726,2020-09-22,139.0
1727,2020-09-23,115.0
1728,2020-09-24,100.0
1729,2020-09-25,99.9
1730,2020-09-26,109.0
1731,2020-09-27,153.0
1732,2020-09-28,140.0
1733,2020-09-29,109.0
1734,2020-09-30,96.5
1735,2020-10-01,115.0
1736,2020-10-02,141.0
1737,2020-10-03,147.0
1738,2020-10-04,140.0
1739,2020-10-05,117.0
1740,2020-10-06,100.0
1741,2020-10-07,124.0
1742,2020-10-08,149.0
1743,2020-10-09,147.0
1744,2020-10-10,146.0
1745,2020-10-11,141.0
1746,2020-10-12,140.0
1747,2020-10-13,138.0
1748,2020-10-14,180.0
1749,2020-10-15,200.0
1750,2020-10-16,170.0
1751,2020-10-17,109.0
1752,2020-10-18,101.0
1753,2020-10-19,89.4
1754,2020-10-20,81.0
1755,2020-10-21,81.2
1756,2020-10-22,76.0
1757,2020-10-23,73.5
1758,2020-10-24,69.8
1759,2020-10-25,77.7
1760,2020-10-26,77.2
1761,2020-10-27,74.2
1762,2020-10-28,77.3
1763,2020-10-29,72.4
1764,2020-10-30,64.8
1765,2020-10-31,67.0
1766,2020-11-01,69.8
1767,2020-11-02,64.9
1768,2020-11-03,61.3
1769,2020-11-04,56.6
1770,2020-11-05,56.6
1771,2020-11-06,55.7
1772,2020-11-07,59.3
1773,2020-11-08,64.6
1774,2020-11-09,57.1
1775,2020-11-10,59.3
1776,2020-11-11,59.6
1777,2020-11-12,67.9
1778,2020-11-13,66.9
1779,2020-11-14,91.9
1780,2020-11-15,79.8
1781,2020-11-16,72.4
1782,2020-11-17,64.1
1783,2020-11-18,62.1
1784,2020-11-19,64.8
1785,2020-11-20,60.3
1786,2020-11-21,60.2
1787,2020-11-22,52.8
1788,2020-11-23,66.4
1789,2020-11-24,67.4
1790,2020-11-25,54.1
1791,2020-11-26,57.5
1792,2020-11-27,58.9
1793,2020-11-28,58.1
1794,2020-11-29,56.8
1795,2020-11-30,55.1
1796,2020-12-01,50.9
1797,2020-12-02,52.7
1798,2020-12-03,52.1
1799,2020-12-04,50.2
1800,2020-12-05,51.6
1801,2020-12-06,50.2
1802,2020-12-07,48.9
1803,2020-12-08,48.5
1804,2020-12-09,48.9
1805,2020-12-10,47.4
1806,2020-12-11,48.7
1807,2020-12-12,49.2
1808,2020-12-13,48.0
1809,2020-12-14,46.8
1810,2020-12-15,49.6
1811,2020-12-16,51.1
1812,2020-12-17,55.5
1813,2020-12-18,57.5
1814,2020-12-19,51.8
1815,2020-12-20,50.8
1816,2020-12-21,49.9
1817,2020-12-22,47.4
1818,2020-12-23,52.4
1819,2020-12-24,50.2
1820,2020-12-25,49.0
1821,2020-12-26,50.4
1822,2020-12-27,50.1
1823,2020-12-28,50.9
1824,2020-12-29,50.4
1825,2020-12-30,49.3
1826,2020-12-31,48.9
1827,2021-01-01,49.5
1828,2021-01-02,50.1
1829,2021-01-03,51.6
1830,2021-01-04,51.2
1831,2021-01-05,52.1
1832,2021-01-06,49.7
1833,2021-01-07,48.9
1834,2021-01-08,49.2
1835,2021-01-09,50.0
1836,2021-01-10,49.8
1837,2021-01-11,49.7
1838,2021-01-12,50.4
1839,2021-01-13,50.3
1840,2021-01-14,51.1
1841,2021-01-15,49.7
1842,2021-01-16,48.7
1843,2021-01-17,48.2
1844,2021-01-18,48.3
1845,2021-01-19,46.3
1846,2021-01-20,46.7
1847,2021-01-21,46.3
1848,2021-01-22,46.9
1849,2021-01-23,52.2
1850,2021-01-24,51.4
1851,2021-01-25,48.4
1852,2021-01-26,47.0
1853,2021-01-27,46.9
1854,2021-01-28,46.1
1855,2021-01-29,46.6
1856,2021-01-30,49.2
1857,2021-01-31,44.8
1858,2021-02-01,45.6
1859,2021-02-02,44.6
1860,2021-02-03,52.2
1861,2021-02-04,55.4
1862,2021-02-05,51.3
1863,2021-02-06,50.0
1864,2021-02-07,49.3
1865,2021-02-08,50.5
1866,2021-02-09,51.0
1867,2021-02-10,51.0
1868,2021-02-11,51.6
1869,2021-02-12,62.0
1870,2021-02-13,66.2
1871,2021-02-14,64.3
1872,2021-02-15,63.8
1873,2021-02-16,63.3
1874,2021-02-17,58.0
1875,2021-02-18,54.3
1876,2021-02-19,50.7
1877,2021-02-20,51.4
1878,2021-02-21,50.9
1879,2021-02-22,50.2
1880,2021-02-23,50.4
1881,2021-02-24,50.6
1882,2021-02-25,51.5
1883,2021-02-26,50.8
1884,2021-02-27,56.0
1885,2021-02-28,60.1
1886,2021-03-01,57.3
1887,2021-03-02,55.1
1888,2021-03-03,54.4
1889,2021-03-04,51.4
1890,2021-03-05,51.4
1891,2021-03-06,59.4
1892,2021-03-07,71.2
1893,2021-03-08,88.6
1894,2021-03-09,117.0
1895,2021-03-10,80.0
1896,2021-03-11,63.9
1897,2021-03-12,59.8
1898,2021-03-13,61.6
1899,2021-03-14,54.9
1900,2021-03-15,58.8
1901,2021-03-16,63.4
1902,2021-03-17,74.9
1903,2021-03-18,66.4
1904,2021-03-19,72.8
1905,2021-03-20,115.0
1906,2021-03-21,115.0
1907,2021-03-22,90.8
1908,2021-03-23,82.4
1909,2021-03-24,68.0
1910,2021-03-25,117.0
1911,2021-03-26,79.2
1912,2021-03-27,74.5
1913,2021-03-28,80.9
1914,2021-03-29,85.5
1915,2021-03-30,76.6
1916,2021-03-31,55.5
1917,2021-04-01,48.6
1918,2021-04-02,50.1
1919,2021-04-03,59.5
1920,2021-04-04,64.7
1921,2021-04-05,63.5
1922,2021-04-06,88.9
1923,2021-04-07,101.0
1924,2021-04-08,81.4
1925,2021-04-09,81.5
1926,2021-04-10,59.9
1927,2021-04-11,59.2
1928,2021-04-12,54.8
1929,2021-04-13,54.2
1930,2021-04-14,131.0
1931,2021-04-15,144.0
1932,2021-04-16,106.0
1933,2021-04-17,124.0
1934,2021-04-18,121.0
1935,2021-04-19,103.0
1936,2021-04-20,81.8
1937,2021-04-21,76.0
1938,2021-04-22,69.7
1939,2021-04-23,62.6
1940,2021-04-24,59.9
1941,2021-04-25,73.4
1942,2021-04-26,123.0
1943,2021-04-27,143.0
1944,2021-04-28,131.0
1945,2021-04-29,106.0
1946,2021-04-30,131.0
1947,2021-05-01,226.0
1948,2021-05-02,233.0
1949,2021-05-03,204.0
1950,2021-05-04,160.0
1951,2021-05-05,141.0
1952,2021-05-06,200.0
1953,2021-05-07,183.0
1954,2021-05-08,244.0
1955,2021-05-09,200.0
1956,2021-05-10,173.0
1957,2021-05-11,133.0
1958,2021-05-12,76.3
1959,2021-05-13,72.0
1960,2021-05-14,70.7
1961,2021-05-15,140.0
1962,2021-05-16,164.0
1963,2021-05-17,205.0
1964,2021-05-18,170.0
1965,2021-05-19,154.0
1966,2021-05-20,123.0
1967,2021-05-21,135.0
1968,2021-05-22,191.0
1969,2021-05-23,172.0
1970,2021-05-24,224.0
1971,2021-05-25,164.0
1972,2021-05-26,122.0
1973,2021-05-27,110.0
1974,2021-05-28,87.5
1975,2021-05-29,103.0
1976,2021-05-30,113.0
1977,2021-05-31,124.0
1978,2021-06-01,100.0
1979,2021-06-02,95.8
1980,2021-06-03,97.9
1981,2021-06-04,88.9
1982,2021-06-05,113.0
1983,2021-06-06,119.0
1984,2021-06-07,110.0
1985,2021-06-08,101.0
1986,2021-06-09,86.6
1987,2021-06-10,103.0
1988,2021-06-11,110.0
1989,2021-06-12,95.7
1990,2021-06-13,90.8
1991,2021-06-14,92.2
1992,2021-06-15,73.9
1993,2021-06-16,69.0
1994,2021-06-17,77.5
1995,2021-06-18,134.0
1996,2021-06-19,126.0
1997,2021-06-20,117.0
1998,2021-06-21,129.0
1999,2021-06-22,95.3
2000,2021-06-23,66.2
2001,2021-06-24,140.0
2002,2021-06-25,153.0
2003,2021-06-26,122.0
2004,2021-06-27,99.3
2005,2021-06-28,77.0
2006,2021-06-29,67.4
2007,2021-06-30,81.1
2008,2021-07-01,93.3
2009,2021-07-02,85.7
2010,2021-07-03,100.0
2011,2021-07-04,123.0
2012,2021-07-05,119.0
2013,2021-07-06,95.4
2014,2021-07-07,97.4
2015,2021-07-08,108.0
2016,2021-07-09,86.8
2017,2021-07-10,80.3
2018,2021-07-11,132.0
2019,2021-07-12,122.0
2020,2021-07-13,114.0
2021,2021-07-14,88.6
2022,2021-07-15,89.9
2023,2021-07-16,116.0
2024,2021-07-17,146.0
2025,2021-07-18,128.0
2026,2021-07-19,151.0
2027,2021-07-20,139.0
2028,2021-07-21,106.0
2029,2021-07-22,101.0
2030,2021-07-23,126.0
2031,2021-07-24,126.0
2032,2021-07-25,139.0
2033,2021-07-26,108.0
2034,2021-07-27,89.3
2035,2021-07-28,88.2
2036,2021-07-29,130.0
2037,2021-07-30,198.0
2038,2021-07-31,196.0
2039,2021-08-01,186.0
2040,2021-08-02,229.0
2041,2021-08-03,193.0
2042,2021-08-04,158.0
2043,2021-08-05,127.0
2044,2021-08-06,106.0
2045,2021-08-07,93.9
2046,2021-08-08,103.0
2047,2021-08-09,126.0
2048,2021-08-10,120.0
2049,2021-08-11,91.3
2050,2021-08-12,87.7
2051,2021-08-13,90.0
2052,2021-08-14,85.0
2053,2021-08-15,96.7
2054,2021-08-16,81.6
2055,2021-08-17,78.7
2056,2021-08-18,144.0
2057,2021-08-19,271.0
2058,2021-08-20,208.0
2059,2021-08-21,108.0
2060,2021-08-22,172.0
2061,2021-08-23,135.0
2062,2021-08-24,111.0
2063,2021-08-25,103.0
2064,2021-08-26,80.1
2065,2021-08-27,74.2
2066,2021-08-28,87.3
2067,2021-08-29,96.7
2068,2021-08-30,98.8
2069,2021-08-31,82.6
2070,2021-09-01,70.7
2071,2021-09-02,84.9
2072,2021-09-03,128.0
2073,2021-09-04,147.0
2074,2021-09-05,135.0
2075,2021-09-06,112.0
2076,2021-09-07,88.6
2077,2021-09-08,62.6
2078,2021-09-09,56.7
2079,2021-09-10,61.9
2080,2021-09-11,152.0
2081,2021-09-12,180.0
2082,2021-09-13,120.0
2083,2021-09-14,107.0
2084,2021-09-15,95.8
2085,2021-09-16,83.7
2086,2021-09-17,74.9
2087,2021-09-18,75.1
2088,2021-09-19,102.0
2089,2021-09-20,110.0
2090,2021-09-21,103.0
2091,2021-09-22,67.8
2092,2021-09-23,64.9
2093,2021-09-24,63.7
2094,2021-09-25,62.5
2095,2021-09-26,60.0
2096,2021-09-27,52.6
2097,2021-09-28,44.2
2098,2021-09-29,73.2
2099,2021-09-30,79.8
2100,2021-10-01,61.9
2101,2021-10-02,51.9
2102,2021-10-03,55.1
2103,2021-10-04,50.9
2104,2021-10-05,49.8
2105,2021-10-06,51.6
2106,2021-10-07,57.7
2107,2021-10-08,66.2
2108,2021-10-09,97.4
2109,2021-10-10,85.8
2110,2021-10-11,70.2
2111,2021-10-12,84.0
2112,2021-10-13,83.9
2113,2021-10-14,75.0
2114,2021-10-15,68.3
2115,2021-10-16,65.7
2116,2021-10-17,65.2
2117,2021-10-18,61.8
2118,2021-10-19,74.0
2119,2021-10-20,65.5
2120,2021-10-21,61.5
2121,2021-10-22,59.6
2122,2021-10-23,63.8
2123,2021-10-24,68.2
2124,2021-10-25,69.5
2125,2021-10-26,104.0
2126,2021-10-27,87.1
2127,2021-10-28,68.2
2128,2021-10-29,58.6
2129,2021-10-30,65.7
2130,2021-10-31,61.3
2131,2021-11-01,56.3
2132,2021-11-02,60.6
2133,2021-11-03,64.7
2134,2021-11-04,60.9
2135,2021-11-05,55.6
2136,2021-11-06,56.5
2137,2021-11-07,54.6
2138,2021-11-08,52.3
2139,2021-11-09,56.0
2140,2021-11-10,68.6
2141,2021-11-11,62.7
2142,2021-11-12,57.8
2143,2021-11-13,55.3
2144,2021-11-14,52.6
2145,2021-11-15,63.4
2146,2021-11-16,55.7
2147,2021-11-17,61.3
2148,2021-11-18,51.1
2149,2021-11-19,52.3
2150,2021-11-20,54.9
2151,2021-11-21,51.7
2152,2021-11-22,51.2
2153,2021-11-23,45.8
2154,2021-11-24,46.0
2155,2021-11-25,47.7
2156,2021-11-26,51.4
2157,2021-11-27,53.0
2158,2021-11-28,49.9
2159,2021-11-29,44.7
2160,2021-11-30,42.6
2161,2021-12-01,40.2
2162,2021-12-02,41.7
2163,2021-12-03,43.8
2164,2021-12-04,47.1
2165,2021-12-05,48.7
2166,2021-12-06,43.6
2167,2021-12-07,43.5
2168,2021-12-08,42.9
2169,2021-12-09,54.3
2170,2021-12-10,61.3
2171,2021-12-11,57.3
2172,2021-12-12,54.3
2173,2021-12-13,48.3
2174,2021-12-14,47.6
2175,2021-12-15,55.1
2176,2021-12-16,55.3
2177,2021-12-17,59.3
2178,2021-12-18,58.8
2179,2021-12-19,56.5
2180,2021-12-20,57.3
2181,2021-12-21,55.8
2182,2021-12-22,55.2
2183,2021-12-23,72.9
2184,2021-12-24,94.4
2185,2021-12-25,84.0
2186,2021-12-26,83.3
2187,2021-12-27,75.2
2188,2021-12-28,70.4
2189,2021-12-29,70.1
2190,2021-12-30,70.3
2191,2021-12-31,65.2
2192,2022-01-01,66.9
2193,2022-01-02,62.8
2194,2022-01-03,63.4
2195,2022-01-04,65.6
2196,2022-01-05,86.6
2197,2022-01-06,172.0
2198,2022-01-07,196.0
2199,2022-01-08,157.0
2200,2022-01-09,120.0
2201,2022-01-10,93.0
2202,2022-01-11,88.9
2203,2022-01-12,85.6
2204,2022-01-13,86.1
2205,2022-01-14,79.4
2206,2022-01-15,73.9
2207,2022-01-16,75.1
2208,2022-01-17,73.9
2209,2022-01-18,72.0
2210,2022-01-19,68.5
2211,2022-01-20,65.5
2212,2022-01-21,65.0
2213,2022-01-22,63.7
2214,2022-01-23,63.3
2215,2022-01-24,61.5
2216,2022-01-25,59.3
2217,2022-01-26,60.9
2218,2022-01-27,60.3
2219,2022-01-28,58.5
2220,2022-01-29,57.8
2221,2022-01-30,57.3
2222,2022-01-31,56.7
2223,2022-02-01,55.6
2224,2022-02-02,55.4
2225,2022-02-03,55.3
2226,2022-02-04,55.2
2227,2022-02-05,56.1
2228,2022-02-06,56.9
2229,2022-02-07,55.4
2230,2022-02-08,52.9
2231,2022-02-09,51.5
2232,2022-02-10,50.1
2233,2022-02-11,51.9
2234,2022-02-12,54.1
2235,2022-02-13,54.6
2236,2022-02-14,54.2
2237,2022-02-15,53.8
2238,2022-02-16,61.2
2239,2022-02-17,59.4
2240,2022-02-18,59.6
2241,2022-02-19,60.1
2242,2022-02-20,63.6
2243,2022-02-21,65.3
2244,2022-02-22,61.4
2245,2022-02-23,61.3
2246,2022-02-24,64.1
2247,2022-02-25,64.5
2248,2022-02-26,63.0
2249,2022-02-27,62.6
2250,2022-02-28,59.0
2251,2022-03-01,58.6
2252,2022-03-02,63.3
2253,2022-03-03,88.1
2254,2022-03-04,123.0
2255,2022-03-05,131.0
2256,2022-03-06,137.0
2257,2022-03-07,100.0
2258,2022-03-08,82.7
2259,2022-03-09,69.4
2260,2022-03-10,69.4
2261,2022-03-11,71.2
2262,2022-03-12,76.2
2263,2022-03-13,70.1
2264,2022-03-14,116.0
2265,2022-03-15,88.8
2266,2022-03-16,154.0
2267,2022-03-17,145.0
2268,2022-03-18,140.0
2269,2022-03-19,136.0
2270,2022-03-20,167.0
2271,2022-03-21,134.0
2272,2022-03-22,121.0
2273,2022-03-23,120.0
2274,2022-03-24,155.0
2275,2022-03-25,203.0
2276,2022-03-26,248.0
2277,2022-03-27,287.0
2278,2022-03-28,333.0
2279,2022-03-29,277.0
2280,2022-03-30,266.0
2281,2022-03-31,245.0
2282,2022-04-01,209.0
2283,2022-04-02,199.0
2284,2022-04-03,193.0
2285,2022-04-04,194.0
2286,2022-04-05,206.0
2287,2022-04-06,184.0
2288,2022-04-07,152.0
2289,2022-04-08,162.0
2290,2022-04-09,178.0
2291,2022-04-10,177.0
2292,2022-04-11,186.0
2293,2022-04-12,180.0
2294,2022-04-13,180.0
2295,2022-04-14,176.0
2296,2022-04-15,229.0
2297,2022-04-16,253.0
2298,2022-04-17,322.0
2299,2022-04-18,269.0
2300,2022-04-19,289.0
2301,2022-04-20,309.0
2302,2022-04-21,345.0
2303,2022-04-22,390.0
2304,2022-04-23,400.0
2305,2022-04-24,358.0
2306,2022-04-25,302.0
2307,2022-04-26,277.0
2308,2022-04-27,275.0
2309,2022-04-28,305.0
2310,2022-04-29,335.0
2311,2022-04-30,301.0
2312,2022-05-01,324.0
2313,2022-05-02,334.0
2314,2022-05-03,413.0
2315,2022-05-04,349.0
2316,2022-05-05,300.0
2317,2022-05-06,366.0
2318,2022-05-07,498.0
2319,2022-05-08,465.0
2320,2022-05-09,411.0
2321,2022-05-10,335.0
2322,2022-05-11,264.0
2323,2022-05-12,249.0
2324,2022-05-13,192.0
2325,2022-05-14,204.0
2326,2022-05-15,261.0
2327,2022-05-16,296.0
2328,2022-05-17,305.0
2329,2022-05-18,300.0
2330,2022-05-19,281.0
2331,2022-05-20,251.0
2332,2022-05-21,251.0
2333,2022-05-22,198.0
2334,2022-05-23,145.0
2335,2022-05-24,102.0
2336,2022-05-25,80.8
2337,2022-05-26,144.0
2338,2022-05-27,171.0
2339,2022-05-28,224.0
2340,2022-05-29,337.0
2341,2022-05-30,452.0
2342,2022-05-31,330.0
2343,2022-06-01,300.0
2344,2022-06-02,278.0
2345,2022-06-03,258.0
2346,2022-06-04,241.0
2347,2022-06-05,239.0
2348,2022-06-06,220.0
2349,2022-06-07,187.0
2350,2022-06-08,165.0
2351,2022-06-09,149.0
2352,2022-06-10,150.0
2353,2022-06-11,142.0
2354,2022-06-12,175.0
2355,2022-06-13,225.0
2356,2022-06-14,244.0
2357,2022-06-15,198.0
2358,2022-06-16,166.0
2359,2022-06-17,122.0
2360,2022-06-18,185.0
2361,2022-06-19,223.0
2362,2022-06-20,213.0
2363,2022-06-21,208.0
2364,2022-06-22,214.0
2365,2022-06-23,190.0
2366,2022-06-24,161.0
2367,2022-06-25,160.0
2368,2022-06-26,155.0
2369,2022-06-27,113.0
2370,2022-06-28,122.0
2371,2022-06-29,123.0
2372,2022-06-30,171.0
2373,2022-07-01,152.0
2374,2022-07-02,144.0
2375,2022-07-03,172.0
2376,2022-07-04,129.0
2377,2022-07-05,107.0
2378,2022-07-06,95.1
2379,2022-07-07,102.0
2380,2022-07-08,96.2
2381,2022-07-09,142.0
2382,2022-07-10,158.0
2383,2022-07-11,113.0
2384,2022-07-12,94.2
2385,2022-07-13,102.0
2386,2022-07-14,112.0
2387,2022-07-15,130.0
2388,2022-07-16,173.0
2389,2022-07-17,202.0
2390,2022-07-18,171.0
2391,2022-07-19,130.0
2392,2022-07-20,157.0
2393,2022-07-21,139.0
2394,2022-07-22,128.0
2395,2022-07-23,175.0
2396,2022-07-24,191.0
2397,2022-07-25,177.0
2398,2022-07-26,135.0
2399,2022-07-27,126.0
2400,2022-07-28,168.0
2401,2022-07-29,172.0
2402,2022-07-30,182.0
2403,2022-07-31,218.0
2404,2022-08-01,187.0
2405,2022-08-02,219.0
2406,2022-08-03,212.0
2407,2022-08-04,172.0
2408,2022-08-05,169.0
2409,2022-08-06,180.0
2410,2022-08-07,273.0
2411,2022-08-08,174.0
2412,2022-08-09,155.0
2413,2022-08-10,209.0
2414,2022-08-11,212.0
2415,2022-08-12,206.0
2416,2022-08-13,181.0
2417,2022-08-14,158.0
2418,2022-08-15,145.0
2419,2022-08-16,108.0
2420,2022-08-17,121.0
2421,2022-08-18,113.0
2422,2022-08-19,117.0
2423,2022-08-20,169.0
2424,2022-08-21,187.0
2425,2022-08-22,112.0
2426,2022-08-23,107.0
2427,2022-08-24,103.0
2428,2022-08-25,118.0
2429,2022-08-26,158.0
2430,2022-08-27,132.0
2431,2022-08-28,118.0
2432,2022-08-29,85.2
2433,2022-08-30,129.0
2434,2022-08-31,184.0
2435,2022-09-01,193.0
2436,2022-09-02,206.0
2437,2022-09-03,251.0
2438,2022-09-04,308.0
2439,2022-09-05,274.0
2440,2022-09-06,227.0
2441,2022-09-07,254.0
2442,2022-09-08,283.0
2443,2022-09-09,274.0
2444,2022-09-10,320.0
2445,2022-09-11,353.0
2446,2022-09-12,305.0
2447,2022-09-13,368.0
2448,2022-09-14,415.0
2449,2022-09-15,329.0
2450,2022-09-16,243.0
2451,2022-09-17,194.0
2452,2022-09-18,168.0
2453,2022-09-19,85.2
2454,2022-09-20,75.3
2455,2022-09-21,121.0
2456,2022-09-22,173.0
2457,2022-09-23,158.0
2458,2022-09-24,140.0
2459,2022-09-25,120.0
2460,2022-09-26,115.0
2461,2022-09-27,111.0
2462,2022-09-28,99.2
2463,2022-09-29,113.0
2464,2022-09-30,116.0
2465,2022-10-01,158.0
2466,2022-10-02,148.0
2467,2022-10-03,117.0
2468,2022-10-04,182.0
2469,2022-10-05,145.0
2470,2022-10-06,122.0
2471,2022-10-07,116.0
2472,2022-10-08,144.0
2473,2022-10-09,130.0
2474,2022-10-10,125.0
2475,2022-10-11,126.0
2476,2022-10-12,125.0
2477,2022-10-13,122.0
2478,2022-10-14,118.0
2479,2022-10-15,95.4
2480,2022-10-16,70.0
2481,2022-10-17,68.2
2482,2022-10-18,69.0
2483,2022-10-19,65.0
2484,2022-10-20,64.3
2485,2022-10-21,61.7
2486,2022-10-22,72.2
2487,2022-10-23,88.5
2488,2022-10-24,81.8
2489,2022-10-25,77.9
2490,2022-10-26,71.5
2491,2022-10-27,61.9
2492,2022-10-28,65.8
2493,2022-10-29,63.5
2494,2022-10-30,62.8
2495,2022-10-31,65.0
2496,2022-11-01,63.9
2497,2022-11-02,64.1
2498,2022-11-03,63.5
2499,2022-11-04,61.6
2500,2022-11-05,68.3
2501,2022-11-06,74.7
2502,2022-11-07,70.0
2503,2022-11-08,72.5
2504,2022-11-09,123.0
2505,2022-11-10,106.0
2506,2022-11-11,97.4
2507,2022-11-12,99.0
2508,2022-11-13,73.9
2509,2022-11-14,67.8
2510,2022-11-15,67.4
2511,2022-11-16,62.2
2512,2022-11-17,61.6
2513,2022-11-18,59.4
2514,2022-11-19,56.1
2515,2022-11-20,53.8
2516,2022-11-21,50.3
2517,2022-11-22,48.9
2518,2022-11-23,50.7
2519,2022-11-24,51.7
2520,2022-11-25,50.8
2521,2022-11-26,50.4
2522,2022-11-27,50.3
2523,2022-11-28,51.9
2524,2022-11-29,52.3
2525,2022-11-30,50.5
2526,2022-12-01,50.0
2527,2022-12-02,48.6
2528,2022-12-03,47.4
2529,2022-12-04,47.1
2530,2022-12-05,48.6
2531,2022-12-06,48.6
2532,2022-12-07,48.4
2533,2022-12-08,46.2
2534,2022-12-09,45.7
2535,2022-12-10,46.1
2536,2022-12-11,46.8
2537,2022-12-12,50.7
2538,2022-12-13,48.9
2539,2022-12-14,48.5
2540,2022-12-15,48.7
2541,2022-12-16,47.8
2542,2022-12-17,47.3
2543,2022-12-18,47.2
2544,2022-12-19,46.5
2545,2022-12-20,45.6
2546,2022-12-21,47.0
2547,2022-12-22,45.7
2548,2022-12-23,49.1
2549,2022-12-24,51.5
2550,2022-12-25,55.8
2551,2022-12-26,49.7
2552,2022-12-27,52.5
2553,2022-12-28,83.5
2554,2022-12-29,79.3
2555,2022-12-30,70.5
2556,2022-12-31,118.0
2557,2023-01-01,138.0
2558,2023-01-02,107.0
2559,2023-01-03,89.6
2560,2023-01-04,81.8
2561,2023-01-05,80.6
2562,2023-01-06,106.0
2563,2023-01-07,120.0
2564,2023-01-08,112.0
2565,2023-01-09,110.0
2566,2023-01-10,195.0
2567,2023-01-11,342.0
2568,2023-01-12,221.0
2569,2023-01-13,167.0
2570,2023-01-14,156.0
2571,2023-01-15,168.0
2572,2023-01-16,150.0
2573,2023-01-17,151.0
2574,2023-01-18,136.0
2575,2023-01-19,130.0
2576,2023-01-20,138.0
2577,2023-01-21,133.0
2578,2023-01-22,125.0
2579,2023-01-23,116.0
2580,2023-01-24,114.0
2581,2023-01-25,123.0
2582,2023-01-26,127.0
2583,2023-01-27,126.0
2584,2023-01-28,123.0
2585,2023-01-29,131.0
2586,2023-01-30,133.0
2587,2023-01-31,128.0
2588,2023-02-01,118.0
2589,2023-02-02,116.0
2590,2023-02-03,115.0
2591,2023-02-04,117.0
2592,2023-02-05,122.0
2593,2023-02-06,121.0
2594,2023-02-07,131.0
2595,2023-02-08,130.0
2596,2023-02-09,112.0
2597,2023-02-10,112.0
2598,2023-02-11,117.0
2599,2023-02-12,106.0
2600,2023-02-13,118.0
2601,2023-02-14,188.0
2602,2023-02-15,190.0
2603,2023-02-16,190.0
2604,2023-02-17,193.0
2605,2023-02-18,198.0
2606,2023-02-19,192.0
2607,2023-02-20,195.0
2608,2023-02-21,195.0
2609,2023-02-22,220.0
2610,2023-02-23,206.0
2611,2023-02-24,210.0
2612,2023-02-25,207.0
2613,2023-02-26,212.0
2614,2023-02-27,205.0
2615,2023-02-28,214.0
2616,2023-03-01,215.0
2617,2023-03-02,209.0
2618,2023-03-03,209.0
2619,2023-03-04,214.0
2620,2023-03-05,206.0
2621,2023-03-06,219.0
2622,2023-03-07,282.0
2623,2023-03-08,283.0
2624,2023-03-09,343.0
2625,2023-03-10,257.0
2626,2023-03-11,318.0
2627,2023-03-12,346.0
2628,2023-03-13,303.0
2629,2023-03-14,352.0
2630,2023-03-15,838.0
2631,2023-03-16,807.0
2632,2023-03-17,759.0
2633,2023-03-18,741.0
2634,2023-03-19,733.0
2635,2023-03-20,784.0
2636,2023-03-21,745.0
2637,2023-03-22,754.0
2638,2023-03-23,762.0
2639,2023-03-24,776.0
2640,2023-03-25,822.0
2641,2023-03-26,786.0
2642,2023-03-27,788.0
2643,2023-03-28,786.0
2644,2023-03-29,880.0
2645,2023-03-30,971.0
2646,2023-03-31,970.0
2647,2023-04-01,1030.0
2648,2023-04-02,1370.0
2649,2023-04-03,1770.0
2650,2023-04-04,1740.0
2651,2023-04-05,1620.0
2652,2023-04-06,1640.0
2653,2023-04-07,1640.0
2654,2023-04-08,1630.0
2655,2023-04-09,1660.0
2656,2023-04-10,1880.0
2657,2023-04-11,2370.0
2658,2023-04-12,3090.0
2659,2023-04-13,3220.0
2660,2023-04-14,2170.0
2661,2023-04-15,2130.0
2662,2023-04-16,2440.0
2663,2023-04-17,2760.0
2664,2023-04-18,3000.0
2665,2023-04-19,2550.0
2666,2023-04-20,2360.0
2667,2023-04-21,2230.0
2668,2023-04-22,2180.0
2669,2023-04-23,2260.0
2670,2023-04-24,2490.0
2671,2023-04-25,2550.0
2672,2023-04-26,2780.0
2673,2023-04-27,3150.0
2674,2023-04-28,2930.0
2675,2023-04-29,2910.0
2676,2023-04-30,3070.0
2677,2023-05-01,3500.0
2678,2023-05-02,3460.0
2679,2023-05-03,3120.0
2680,2023-05-04,3140.0
2681,2023-05-05,2990.0
2682,2023-05-06,2580.0
2683,2023-05-07,2450.0
2684,2023-05-08,2340.0
2685,2023-05-09,2450.0
2686,2023-05-10,2710.0
2687,2023-05-11,2750.0
2688,2023-05-12,2760.0
2689,2023-05-13,2770.0
2690,2023-05-14,3150.0
2691,2023-05-15,3250.0
2692,2023-05-16,3140.0
2693,2023-05-17,3100.0
2694,2023-05-18,2820.0
2695,2023-05-19,2870.0
2696,2023-05-20,2840.0
2697,2023-05-21,2670.0
2698,2023-05-22,2610.0
2699,2023-05-23,2840.0
2700,2023-05-24,2690.0
2701,2023-05-25,2400.0
2702,2023-05-26,2320.0
2703,2023-05-27,2180.0
2704,2023-05-28,2090.0
2705,2023-05-29,1990.0
2706,2023-05-30,1770.0
2707,2023-05-31,1360.0
2708,2023-06-01,1280.0
2709,2023-06-02,1020.0
2710,2023-06-03,930.0
2711,2023-06-04,889.0
2712,2023-06-05,836.0
2713,2023-06-06,824.0
2714,2023-06-07,846.0
2715,2023-06-08,791.0
2716,2023-06-09,731.0
2717,2023-06-10,667.0
2718,2023-06-11,634.0
2719,2023-06-12,932.0
2720,2023-06-13,1230.0
2721,2023-06-14,1140.0
2722,2023-06-15,1180.0
2723,2023-06-16,1160.0
2724,2023-06-17,1130.0
2725,2023-06-18,1090.0
2726,2023-06-19,955.0
2727,2023-06-20,961.0
2728,2023-06-21,935.0
2729,2023-06-22,897.0
2730,2023-06-23,982.0
2731,2023-06-24,830.0
2732,2023-06-25,721.0
2733,2023-06-26,582.0
2734,2023-06-27,531.0
2735,2023-06-28,397.0
2736,2023-06-29,352.0
2737,2023-06-30,330.0
2738,2023-07-01,349.0
2739,2023-07-02,376.0
2740,2023-07-03,345.0
2741,2023-07-04,345.0
2742,2023-07-05,314.0
2743,2023-07-06,283.0
2744,2023-07-07,363.0
2745,2023-07-08,395.0
2746,2023-07-09,407.0
2747,2023-07-10,370.0
2748,2023-07-11,340.0
2749,2023-07-12,328.0
2750,2023-07-13,339.0
2751,2023-07-14,347.0
2752,2023-07-15,360.0
2753,2023-07-16,364.0
2754,2023-07-17,366.0
2755,2023-07-18,398.0
2756,2023-07-19,354.0
2757,2023-07-20,341.0
2758,2023-07-21,324.0
2759,2023-07-22,318.0
2760,2023-07-23,285.0
2761,2023-07-24,179.0
2762,2023-07-25,220.0
2763,2023-07-26,237.0
2764,2023-07-27,205.0
2765,2023-07-28,235.0
2766,2023-07-29,232.0
2767,2023-07-30,185.0
2768,2023-07-31,203.0
2769,2023-08-01,180.0
2770,2023-08-02,253.0
2771,2023-08-03,337.0
2772,2023-08-04,305.0
2773,2023-08-05,291.0
2774,2023-08-06,221.0
2775,2023-08-07,184.0
2776,2023-08-08,154.0
2777,2023-08-09,152.0
2778,2023-08-10,141.0
2779,2023-08-11,141.0
2780,2023-08-12,147.0
2781,2023-08-13,136.0
2782,2023-08-14,122.0
2783,2023-08-15,93.4
2784,2023-08-16,108.0
2785,2023-08-17,136.0
2786,2023-08-18,187.0
2787,2023-08-19,207.0
2788,2023-08-20,244.0
2789,2023-08-21,221.0
2790,2023-08-22,261.0
2791,2023-08-23,285.0
2792,2023-08-24,222.0
2793,2023-08-25,211.0
2794,2023-08-26,220.0
2795,2023-08-27,209.0
2796,2023-08-28,199.0
2797,2023-08-29,175.0
2798,2023-08-30,166.0
2799,2023-08-31,159.0
2800,2023-09-01,139.0
2801,2023-09-02,190.0
2802,2023-09-03,206.0
2803,2023-09-04,297.0
2804,2023-09-05,321.0
2805,2023-09-06,286.0
2806,2023-09-07,211.0
2807,2023-09-08,185.0
2808,2023-09-09,188.0
2809,2023-09-10,183.0
2810,2023-09-11,157.0
2811,2023-09-12,157.0
2812,2023-09-13,167.0
2813,2023-09-14,193.0
2814,2023-09-15,212.0
2815,2023-09-16,223.0
2816,2023-09-17,230.0
2817,2023-09-18,199.0
2818,2023-09-19,204.0
2819,2023-09-20,202.0
2820,2023-09-21,255.0
2821,2023-09-22,329.0
2822,2023-09-23,283.0
2823,2023-09-24,237.0
2824,2023-09-25,175.0
2825,2023-09-26,163.0
2826,2023-09-27,160.0
2827,2023-09-28,123.0
2828,2023-09-29,95.9
2829,2023-09-30,119.0
2830,2023-10-01,191.0
2831,2023-10-02,226.0
2832,2023-10-03,241.0
2833,2023-10-04,187.0
2834,2023-10-05,128.0
2835,2023-10-06,93.6
2836,2023-10-07,133.0
2837,2023-10-08,122.0
2838,2023-10-09,116.0
2839,2023-10-10,115.0
2840,2023-10-11,298.0
2841,2023-10-12,349.0
2842,2023-10-13,344.0
2843,2023-10-14,204.0
2844,2023-10-15,169.0
2845,2023-10-16,167.0
2846,2023-10-17,110.0
2847,2023-10-18,97.5
2848,2023-10-19,102.0
2849,2023-10-20,97.9
2850,2023-10-21,90.7
2851,2023-10-22,90.8
2852,2023-10-23,82.4
2853,2023-10-24,84.8
2854,2023-10-25,91.8
2855,2023-10-26,100.0
2856,2023-10-27,98.1
2857,2023-10-28,100.0
2858,2023-10-29,98.2
2859,2023-10-30,99.1
2860,2023-10-31,89.6
2861,2023-11-01,95.4
2862,2023-11-02,97.0
2863,2023-11-03,88.8
2864,2023-11-04,96.5
2865,2023-11-05,93.8
2866,2023-11-06,84.5
2867,2023-11-07,75.2
2868,2023-11-08,121.0
2869,2023-11-09,144.0
2870,2023-11-10,232.0
2871,2023-11-11,493.0
2872,2023-11-12,549.0
2873,2023-11-13,244.0
2874,2023-11-14,193.0
2875,2023-11-15,157.0
2876,2023-11-16,128.0
2877,2023-11-17,112.0
2878,2023-11-18,109.0
2879,2023-11-19,120.0
2880,2023-11-20,102.0
2881,2023-11-21,106.0
2882,2023-11-22,99.0
2883,2023-11-23,82.9
2884,2023-11-24,80.4
2885,2023-11-25,87.0
2886,2023-11-26,93.1
2887,2023-11-27,108.0
2888,2023-11-28,123.0
2889,2023-11-29,122.0
2890,2023-11-30,121.0
2891,2023-12-01,123.0
2892,2023-12-02,121.0
2893,2023-12-03,166.0
2894,2023-12-04,203.0
2895,2023-12-05,166.0
2896,2023-12-06,192.0
2897,2023-12-07,244.0
2898,2023-12-08,261.0
2899,2023-12-09,256.0
2900,2023-12-10,245.0
2901,2023-12-11,248.0
2902,2023-12-12,219.0
2903,2023-12-13,230.0
2904,2023-12-14,226.0
2905,2023-12-15,223.0
2906,2023-12-16,230.0
2907,2023-12-17,228.0
2908,2023-12-18,228.0
2909,2023-12-19,224.0
2910,2023-12-20,228.0
2911,2023-12-21,235.0
2912,2023-12-22,220.0
2913,2023-12-23,225.0
2914,2023-12-24,224.0
2915,2023-12-25,213.0
2916,2023-12-26,211.0
2917,2023-12-27,213.0
2918,2023-12-28,224.0
2919,2023-12-29,216.0
2920,2023-12-30,217.0
2921,2023-12-31,219.0
2922,2024-01-01,214.0
2923,2024-01-02,211.0
2924,2024-01-03,214.0
2925,2024-01-04,217.0
2926,2024-01-05,225.0
2927,2024-01-06,214.0
2928,2024-01-07,214.0
2929,2024-01-08,213.0
2930,2024-01-09,217.0
2931,2024-01-10,215.0
2932,2024-01-11,213.0
2933,2024-01-12,223.0
2934,2024-01-13,231.0
2935,2024-01-14,235.0
2936,2024-01-15,231.0
2937,2024-01-16,229.0
2938,2024-01-17,240.0
2939,2024-01-18,235.0
2940,2024-01-19,234.0
2941,2024-01-20,229.0
2942,2024-01-21,231.0
2943,2024-01-22,233.0
2944,2024-01-23,233.0
2945,2024-01-24,238.0
2946,2024-01-25,244.0
2947,2024-01-26,244.0
2948,2024-01-27,248.0
2949,2024-01-28,240.0
2950,2024-01-29,245.0
2951,2024-01-30,256.0
2952,2024-01-31,254.0
2953,2024-02-01,258.0
2954,2024-02-02,266.0
2955,2024-02-03,278.0
2956,2024-02-04,265.0
2957,2024-02-05,278.0
2958,2024-02-06,331.0
2959,2024-02-07,347.0
2960,2024-02-08,336.0
2961,2024-02-09,302.0
2962,2024-02-10,285.0
2963,2024-02-11,262.0
2964,2024-02-12,268.0
2965,2024-02-13,255.0
2966,2024-02-14,256.0
2967,2024-02-15,284.0
2968,2024-02-16,296.0
2969,2024-02-17,277.0
2970,2024-02-18,279.0
2971,2024-02-19,267.0
2972,2024-02-20,318.0
2973,2024-02-21,435.0
2974,2024-02-22,428.0
2975,2024-02-23,360.0
2976,2024-02-24,354.0
2977,2024-02-25,360.0
2978,2024-02-26,393.0
2979,2024-02-27,419.0
2980,2024-02-28,367.0
2981,2024-02-29,351.0
2982,2024-03-01,523.0
2983,2024-03-02,628.0
2984,2024-03-03,553.0
2985,2024-03-04,524.0
2986,2024-03-05,493.0
2987,2024-03-06,529.0
2988,2024-03-07,548.0
2989,2024-03-08,541.0
2990,2024-03-09,570.0
2991,2024-03-10,569.0
2992,2024-03-11,583.0
2993,2024-03-12,578.0
2994,2024-03-13,592.0
2995,2024-03-14,567.0
2996,2024-03-15,615.0
2997,2024-03-16,709.0
2998,2024-03-17,792.0
2999,2024-03-18,850.0
3000,2024-03-19,883.0
3001,2024-03-20,935.0
3002,2024-03-21,976.0
3003,2024-03-22,998.0
3004,2024-03-23,1080.0
3005,2024-03-24,1090.0
3006,2024-03-25,931.0
3007,2024-03-26,872.0
3008,2024-03-27,848.0
3009,2024-03-28,907.0
3010,2024-03-29,909.0
3011,2024-03-30,1010.0
3012,2024-03-31,1280.0
3013,2024-04-01,1110.0
3014,2024-04-02,1020.0
3015,2024-04-03,1070.0
3016,2024-04-04,1180.0
3017,2024-04-05,1280.0
3018,2024-04-06,1200.0
3019,2024-04-07,1090.0
3020,2024-04-08,995.0
3021,2024-04-09,951.0
3022,2024-04-10,1040.0
3023,2024-04-11,1130.0
3024,2024-04-12,1240.0
3025,2024-04-13,1550.0
3026,2024-04-14,1740.0
3027,2024-04-15,1780.0
3028,2024-04-16,1570.0
3029,2024-04-17,1630.0
3030,2024-04-18,1650.0
3031,2024-04-19,1510.0
3032,2024-04-20,1140.0
3033,2024-04-21,1190.0
3034,2024-04-22,1360.0
3035,2024-04-23,1470.0
3036,2024-04-24,1600.0
3037,2024-04-25,1790.0
3038,2024-04-26,1940.0
3039,2024-04-27,1980.0
3040,2024-04-28,1980.0
3041,2024-04-29,1670.0
3042,2024-04-30,1820.0
3043,2024-05-01,1650.0
3044,2024-05-02,1610.0
3045,2024-05-03,1550.0
3046,2024-05-04,1460.0
3047,2024-05-05,1580.0
3048,2024-05-06,1660.0
3049,2024-05-07,1630.0
3050,2024-05-08,1510.0
3051,2024-05-09,1550.0
3052,2024-05-10,1500.0
3053,2024-05-11,1540.0
3054,2024-05-12,1670.0
3055,2024-05-13,1940.0
3056,2024-05-14,2020.0
3057,2024-05-15,2020.0
3058,2024-05-16,1930.0
3059,2024-05-17,2020.0
3060,2024-05-18,2010.0
3061,2024-05-19,1900.0
3062,2024-05-20,1760.0
3063,2024-05-21,1540.0
3064,2024-05-22,1410.0
3065,2024-05-23,1380.0
3066,2024-05-24,1430.0
3067,2024-05-25,1590.0
3068,2024-05-26,1630.0
3069,2024-05-27,1590.0
3070,2024-05-28,1530.0
3071,2024-05-29,1540.0
3072,2024-05-30,1470.0
3073,2024-05-31,1360.0
3074,2024-06-01,1290.0
3075,2024-06-02,1280.0
3076,2024-06-03,1410.0
3077,2024-06-04,1740.0
3078,2024-06-05,1780.0
3079,2024-06-06,1770.0
3080,2024-06-07,1750.0
3081,2024-06-08,1730.0
3082,2024-06-09,1640.0
3083,2024-06-10,1580.0
3084,2024-06-11,1530.0
3085,2024-06-12,1440.0
3086,2024-06-13,1390.0
3087,2024-06-14,1330.0
3088,2024-06-15,1250.0
3089,2024-06-16,1070.0
3090,2024-06-17,744.0
3091,2024-06-18,392.0
3092,2024-06-19,289.0
3093,2024-06-20,244.0
3094,2024-06-21,266.0
3095,2024-06-22,268.0
3096,2024-06-23,284.0
3097,2024-06-24,284.0
3098,2024-06-25,261.0
3099,2024-06-26,318.0
3100,2024-06-27,325.0
3101,2024-06-28,288.0
3102,2024-06-29,283.0
3103,2024-06-30,290.0
3104,2024-07-01,299.0
3105,2024-07-02,308.0
3106,2024-07-03,284.0
3107,2024-07-04,279.0
3108,2024-07-05,267.0
3109,2024-07-06,240.0
3110,2024-07-07,249.0
3111,2024-07-08,239.0
3112,2024-07-09,228.0
3113,2024-07-10,204.0
3114,2024-07-11,187.0
3115,2024-07-12,201.0
3116,2024-07-13,191.0
3117,2024-07-14,190.0
3118,2024-07-15,220.0
3119,2024-07-16,226.0
3120,2024-07-17,232.0
3121,2024-07-18,206.0
3122,2024-07-19,197.0
3123,2024-07-20,199.0
3124,2024-07-21,183.0
3125,2024-07-22,147.0
3126,2024-07-23,153.0
3127,2024-07-24,172.0
3128,2024-07-25,185.0
3129,2024-07-26,196.0
3130,2024-07-27,215.0
3131,2024-07-28,202.0
3132,2024-07-29,165.0
3133,2024-07-30,156.0
3134,2024-07-31,157.0
3135,2024-08-01,174.0
3136,2024-08-02,192.0
3137,2024-08-03,172.0
3138,2024-08-04,194.0
3139,2024-08-05,202.0
3140,2024-08-06,168.0
3141,2024-08-07,136.0
3142,2024-08-08,147.0
3143,2024-08-09,159.0
3144,2024-08-10,173.0
3145,2024-08-11,200.0
3146,2024-08-12,235.0
3147,2024-08-13,371.0
3148,2024-08-14,294.0
3149,2024-08-15,236.0
3150,2024-08-16,208.0
3151,2024-08-17,224.0
3152,2024-08-18,275.0
3153,2024-08-19,269.0
3154,2024-08-20,239.0
3155,2024-08-21,200.0
3156,2024-08-22,175.0
3157,2024-08-23,161.0
3158,2024-08-24,176.0
3159,2024-08-25,179.0
3160,2024-08-26,137.0
3161,2024-08-27,134.0
3162,2024-08-28,124.0
3163,2024-08-29,141.0
3164,2024-08-30,147.0
3165,2024-08-31,158.0
3166,2024-09-01,151.0
3167,2024-09-02,130.0
3168,2024-09-03,101.0
3169,2024-09-04,128.0
3170,2024-09-05,149.0
3171,2024-09-06,164.0
3172,2024-09-07,189.0
3173,2024-09-08,137.0
3174,2024-09-09,126.0
3175,2024-09-10,108.0
3176,2024-09-11,118.0
3177,2024-09-12,109.0
3178,2024-09-13,153.0
3179,2024-09-14,158.0
3180,2024-09-15,170.0
3181,2024-09-16,173.0
3182,2024-09-17,170.0
3183,2024-09-18,161.0
3184,2024-09-19,145.0
3185,2024-09-20,138.0
3186,2024-09-21,104.0
3187,2024-09-22,82.4
3188,2024-09-23,57.0
3189,2024-09-24,102.0
3190,2024-09-25,90.6
3191,2024-09-26,65.1
3192,2024-09-27,74.9
3193,2024-09-28,140.0
3194,2024-09-29,156.0
3195,2024-09-30,146.0
3196,2024-10-01,119.0
3197,2024-10-02,98.4
3198,2024-10-03,107.0
3199,2024-10-04,100.0
3200,2024-10-05,117.0
3201,2024-10-06,123.0
3202,2024-10-07,125.0
3203,2024-10-08,99.0
3204,2024-10-09,85.4
3205,2024-10-10,76.0
3206,2024-10-11,69.9
3207,2024-10-12,86.5
3208,2024-10-13,130.0
3209,2024-10-14,140.0
3210,2024-10-15,167.0
3211,2024-10-16,158.0
3212,2024-10-17,142.0
3213,2024-10-18,135.0
3214,2024-10-19,114.0
3215,2024-10-20,90.6
3216,2024-10-21,89.1
3217,2024-10-22,85.5
3218,2024-10-23,87.1
3219,2024-10-24,93.8
3220,2024-10-25,93.0
3221,2024-10-26,74.5
3222,2024-10-27,83.9
3223,2024-10-28,88.3
3224,2024-10-29,94.6
3225,2024-10-30,89.5
3226,2024-10-31,85.5
3227,2024-11-01,86.4
3228,2024-11-02,95.0
3229,2024-11-03,100.0
3230,2024-11-04,88.9
3231,2024-11-05,122.0
3232,2024-11-06,128.0
3233,2024-11-07,124.0
3234,2024-11-08,124.0
3235,2024-11-09,125.0
3236,2024-11-10,123.0
3237,2024-11-11,122.0
3238,2024-11-12,126.0
3239,2024-11-13,122.0
3240,2024-11-14,122.0
3241,2024-11-15,123.0
3242,2024-11-16,126.0
3243,2024-11-17,123.0
3244,2024-11-18,122.0
3245,2024-11-19,119.0
3246,2024-11-20,116.0
3247,2024-11-21,122.0
3248,2024-11-22,120.0
3249,2024-11-23,122.0
3250,2024-11-24,128.0
3251,2024-11-25,111.0
3252,2024-11-26,104.0
3253,2024-11-27,83.5
3254,2024-11-28,75.0
3255,2024-11-29,69.6
3256,2024-11-30,64.5
3257,2024-12-01,65.9
3258,2024-12-02,67.6
3259,2024-12-03,64.6
3260,2024-12-04,66.6
3261,2024-12-05,65.3
3262,2024-12-06,64.4
3263,2024-12-07,64.9
3264,2024-12-08,66.2
3265,2024-12-09,65.4
3266,2024-12-10,55.5
3267,2024-12-11,52.8
3268,2024-12-12,51.8
3269,2024-12-13,51.0
3270,2024-12-14,52.2
3271,2024-12-15,54.9
3272,2024-12-16,55.5
3273,2024-12-17,55.6
3274,2024-12-18,51.5
3275,2024-12-19,50.9
3276,2024-12-20,51.4
3277,2024-12-21,52.9
3278,2024-12-22,54.3
3279,2024-12-23,58.4
3280,2024-12-24,56.6
3281,2024-12-25,59.2
3282,2024-12-26,58.3
3283,2024-12-27,61.0
3284,2024-12-28,82.5
3285,2024-12-29,143.0
3286,2024-12-30,149.0
3287,2024-12-31,102.0
3288,2025-01-01,78.2
3289,2025-01-02,89.6
3290,2025-01-03,87.5
3291,2025-01-04,75.1
3292,2025-01-05,75.7
3293,2025-01-06,74.2
3294,2025-01-07,81.3
3295,2025-01-08,67.6
3296,2025-01-09,57.2
3297,2025-01-10,57.0
3298,2025-01-11,67.0
3299,2025-01-12,76.9
3300,2025-01-13,130.0
3301,2025-01-14,114.0
3302,2025-01-15,112.0
3303,2025-01-16,77.1
3304,2025-01-17,52.4
3305,2025-01-18,59.3
3306,2025-01-19,46.9
3307,2025-01-20,44.8
3308,2025-01-21,56.3
3309,2025-01-22,47.2
3310,2025-01-23,42.2
3311,2025-01-24,46.7
3312,2025-01-25,46.5
3313,2025-01-26,48.6
3314,2025-01-27,55.9
3315,2025-01-28,57.9
3316,2025-01-29,58.8
3317,2025-01-30,56.6
3318,2025-01-31,54.0
3319,2025-02-01,104.0
3320,2025-02-02,176.0
3321,2025-02-03,375.0
3322,2025-02-04,378.0
3323,2025-02-05,369.0
3324,2025-02-06,249.0
3325,2025-02-07,225.0
3326,2025-02-08,195.0
3327,2025-02-09,139.0
3328,2025-02-10,123.0
3329,2025-02-11,118.0
3330,2025-02-12,100.0
3331,2025-02-13,82.4
3332,2025-02-14,73.2
3333,2025-02-15,118.0
3334,2025-02-16,115.0
3335,2025-02-17,110.0
3336,2025-02-18,110.0
3337,2025-02-19,102.0
3338,2025-02-20,102.0
3339,2025-02-21,99.0
3340,2025-02-22,91.7
3341,2025-02-23,86.5
3342,2025-02-24,99.0
3343,2025-02-25,198.0
3344,2025-02-26,236.0
3345,2025-02-27,198.0
3346,2025-02-28,173.0
3347,2025-03-01,182.0
3348,2025-03-02,186.0
3349,2025-03-03,317.0
3350,2025-03-04,258.0
3351,2025-03-05,238.0
3352,2025-03-06,336.0
3353,2025-03-07,304.0
3354,2025-03-08,241.0
3355,2025-03-09,222.0
3356,2025-03-10,229.0
3357,2025-03-11,246.0
3358,2025-03-12,267.0
3359,2025-03-13,360.0
3360,2025-03-14,338.0
3361,2025-03-15,257.0
3362,2025-03-16,233.0
3363,2025-03-17,266.0
3364,2025-03-18,298.0
3365,2025-03-19,233.0
3366,2025-03-20,228.0
3367,2025-03-21,208.0
3368,2025-03-22,250.0
3369,2025-03-23,254.0
3370,2025-03-24,252.0
3371,2025-03-25,262.0
3372,2025-03-26,283.0
3373,2025-03-27,319.0
3374,2025-03-28,394.0
3375,2025-03-29,380.0
3376,2025-03-30,349.0
3377,2025-03-31,318.0
3378,2025-04-01,351.0
3379,2025-04-02,269.0
3380,2025-04-03,240.0
3381,2025-04-04,223.0
3382,2025-04-05,216.0
3383,2025-04-06,210.0
3384,2025-04-07,229.0
3385,2025-04-08,250.0
3386,2025-04-09,296.0
3387,2025-04-10,345.0
3388,2025-04-11,406.0
3389,2025-04-12,527.0
3390,2025-04-13,577.0
3391,2025-04-14,526.0
3392,2025-04-15,485.0
3393,2025-04-16,473.0
3394,2025-04-17,512.0
3395,2025-04-18,453.0
3396,2025-04-19,374.0
3397,2025-04-20,315.0
3398,2025-04-21,289.0
3399,2025-04-22,286.0
3400,2025-04-23,309.0
3401,2025-04-24,302.0
3402,2025-04-25,308.0
3403,2025-04-26,362.0
3404,2025-04-27,407.0
3405,2025-04-28,307.0
3406,2025-04-29,250.0
3407,2025-04-30,318.0
3408,2025-05-01,373.0
3409,2025-05-02,410.0
3410,2025-05-03,409.0
3411,2025-05-04,406.0
3412,2025-05-05,473.0
3413,2025-05-06,612.0
3414,2025-05-07,570.0
3415,2025-05-08,528.0
3416,2025-05-09,495.0
3417,2025-05-10,454.0
3418,2025-05-11,429.0
3419,2025-05-12,422.0
3420,2025-05-13,465.0
3421,2025-05-14,489.0
3422,2025-05-15,483.0
3423,2025-05-16,426.0
3424,2025-05-17,376.0
3425,2025-05-18,386.0
3426,2025-05-19,415.0
3427,2025-05-20,366.0
3428,2025-05-21,353.0
3429,2025-05-22,304.0
3430,2025-05-23,227.0
3431,2025-05-24,193.0
3432,2025-05-25,193.0
3433,2025-05-26,217.0
3434,2025-05-27,198.0
3435,2025-05-28,186.0
3436,2025-05-29,191.0
3437,2025-05-30,193.0
3438,2025-05-31,334.0
3439,2025-06-01,330.0
3440,2025-06-02,319.0
3441,2025-06-03,304.0
3442,2025-06-04,307.0
3443,2025-06-05,271.0
3444,2025-06-06,280.0
3445,2025-06-07,301.0
3446,2025-06-08,300.0
3447,2025-06-09,254.0
3448,2025-06-10,143.0
3449,2025-06-11,152.0
3450,2025-06-12,151.0
3451,2025-06-13,137.0
3452,2025-06-14,130.0
3453,2025-06-15,129.0
3454,2025-06-16,110.0
3455,2025-06-17,75.1
3456,2025-06-18,80.0
3457,2025-06-19,113.0
3458,2025-06-20,92.0
3459,2025-06-21,99.8
3460,2025-06-22,147.0
3461,2025-06-23,169.0
3462,2025-06-24,138.0
3463,2025-06-25,73.0
3464,2025-06-26,43.0
3465,2025-06-27,77.5
3466,2025-06-28,85.3
3467,2025-06-29,91.3
3468,2025-06-30,92.8
3469,2025-07-01,100.0
3470,2025-07-02,116.0
3471,2025-07-03,118.0
3472,2025-07-04,136.0
3473,2025-07-05,195.0
3474,2025-07-06,169.0
3475,2025-07-07,119.0
3476,2025-07-08,89.3
3477,2025-07-09,112.0
3478,2025-07-10,102.0
3479,2025-07-11,107.0
3480,2025-07-12,71.5
3481,2025-07-13,98.9
3482,2025-07-14,77.2
3483,2025-07-15,80.5
3484,2025-07-16,99.3
3485,2025-07-17,92.4
3486,2025-07-18,92.7
3487,2025-07-19,111.0
3488,2025-07-20,126.0
3489,2025-07-21,138.0
3490,2025-07-22,127.0
3491,2025-07-23,123.0
3492,2025-07-24,118.0
3493,2025-07-25,113.0
3494,2025-07-26,101.0
3495,2025-07-27,88.3
3496,2025-07-28,109.0
3497,2025-07-29,99.0
3498,2025-07-30,88.6
3499,2025-07-31,105.0
3500,2025-08-01,143.0
3501,2025-08-02,192.0
3502,2025-08-03,175.0
3503,2025-08-04,213.0
3504,2025-08-05,178.0
3505,2025-08-06,128.0
3506,2025-08-07,132.0
3507,2025-08-08,111.0
3508,2025-08-09,116.0
3509,2025-08-10,136.0
3510,2025-08-11,146.0
3511,2025-08-12,85.3
3512,2025-08-13,81.0
3513,2025-08-14,72.1
3514,2025-08-15,93.9
3515,2025-08-16,102.0
3516,2025-08-17,102.0
3517,2025-08-18,91.2
3518,2025-08-19,91.7
3519,2025-08-20,95.9
3520,2025-08-21,104.0
3521,2025-08-22,127.0
3522,2025-08-23,141.0
3523,2025-08-24,147.0
3524,2025-08-25,134.0
3525,2025-08-26,182.0
3526,2025-08-27,256.0
3527,2025-08-28,270.0
3528,2025-08-29,216.0
3529,2025-08-30,180.0
3530,2025-08-31,172.0
3531,2025-09-01,130.0
3532,2025-09-02,116.0
3533,2025-09-03,116.0
3534,2025-09-04,126.0
3535,2025-09-05,118.0
3536,2025-09-06,88.1
3537,2025-09-07,118.0
3538,2025-09-08,100.0
3539,2025-09-09,86.2
3540,2025-09-10,61.2
3541,2025-09-11,59.1
3542,2025-09-12,66.4
3543,2025-09-13,97.5
3544,2025-09-14,121.0
3545,2025-09-15,121.0
3546,2025-09-16,88.7
3547,2025-09-17,99.4
3548,2025-09-18,99.1
3549,2025-09-19,88.5
3550,2025-09-20,112.0
3551,2025-09-21,149.0
3552,2025-09-22,135.0
3553,2025-09-23,132.0
3554,2025-09-24,111.0
3555,2025-09-25,76.4
3556,2025-09-26,55.5
3557,2025-09-27,52.0
3558,2025-09-28,80.0
3559,2025-09-29,108.0
3560,2025-09-30,136.0
3561,2025-10-01,151.0
3562,2025-10-02,128.0
3563,2025-10-03,104.0
3564,2025-10-04,134.0
3565,2025-10-05,182.0
3566,2025-10-06,137.0
3567,2025-10-07,124.0
3568,2025-10-08,116.0
3569,2025-10-09,93.7
3570,2025-10-10,81.7
3571,2025-10-11,96.0
3572,2025-10-12,96.6
3573,2025-10-13,89.2
3574,2025-10-14,132.0
3575,2025-10-15,132.0
3576,2025-10-16,103.0
3577,2025-10-17,89.3
3578,2025-10-18,77.7
3579,2025-10-19,73.6
3580,2025-10-20,88.5
3581,2025-10-21,94.7
3582,2025-10-22,77.0
3583,2025-10-23,74.2
3584,2025-10-24,61.2
3585,2025-10-25,52.1
3586,2025-10-26,51.8
3587,2025-10-27,57.0
3588,2025-10-28,57.2
3589,2025-10-29,51.9
3590,2025-10-30,47.8
3591,2025-10-31,46.3
3592,2025-11-01,46.7
3593,2025-11-02,42.7
3594,2025-11-03,40.2
3595,2025-11-04,39.4
3596,2025-11-05,51.3
3597,2025-11-06,51.4
3598,2025-11-07,37.1
3599,2025-11-08,46.5
3600,2025-11-09,49.6
3601,2025-11-10,45.2
3602,2025-11-11,34.5
3603,2025-11-12,33.5
3604,2025-11-13,34.0
3605,2025-11-14,59.4
3606,2025-11-15,46.7
3607,2025-11-16,46.0
3608,2025-11-17,55.8
3609,2025-11-18,52.9
3610,2025-11-19,50.9
3611,2025-11-20,46.4
3612,2025-11-21,47.7
3613,2025-11-22,45.9
3614,2025-11-23,46.0
3615,2025-11-24,45.8
3616,2025-11-25,47.6
3617,2025-11-26,48.6
3618,2025-11-27,51.7
3619,2025-11-28,51.5
3620,2025-11-29,47.9
3621,2025-11-30,49.8
3622,2025-12-01,47.4
3623,2025-12-02,51.0
3624,2025-12-03,49.9
3625,2025-12-04,49.0
3626,2025-12-05,54.5
3627,2025-12-06,74.2
3628,2025-12-07,69.1
3629,2025-12-08,66.3
3630,2025-12-09,63.5
3631,2025-12-10,59.9
3632,2025-12-11,64.1
3633,2025-12-12,61.9
3634,2025-12-13,60.7
3635,2025-12-14,59.8
3636,2025-12-15,57.0
3637,2025-12-16,56.8
3638,2025-12-17,58.5
3639,2025-12-18,55.8
3640,2025-12-19,55.8
3641,2025-12-20,76.1
3642,2025-12-21,78.2
3643,2025-12-22,75.9
3644,2025-12-23,75.2
3645,2025-12-24,72.2
3646,2025-12-25,75.1
3647,2025-12-26,78.9
3648,2025-12-27,87.1
3649,2025-12-28,79.8
3650,2025-12-29,64.8
3651,2025-12-30,59.6
3652,2025-12-31,60.6
